symbol,baseAsset,quoteAsset,status
ETHBTC,ETH,BTC,TRADING
LTCBTC,LTC,BTC,TRADING
BNBBTC,BNB,BTC,TRADING
NEOBTC,NEO,BTC,TRADING
QTUMETH,QTUM,ETH,TRADING
EOSETH,EOS,ETH,TRADING
SNTETH,SNT,ETH,TRADING
BNTETH,BNT,ETH,TRADING
BCCBTC,BCC,BTC,BREAK
GASBTC,GAS,BTC,TRADING
BNBETH,BNB,ETH,TRADING
BTCUSDT,BTC,USDT,TRADING
ETHUSDT,ETH,USDT,TRADING
HSRBTC,HSR,BTC,BREAK
OAXETH,OAX,ETH,BREAK
DNTETH,DNT,ETH,BREAK
MCOETH,MCO,ETH,BREAK
ICNETH,ICN,ETH,BREAK
MCOBTC,MCO,BTC,BREAK
WTCBTC,WTC,BTC,TRADING
WTCETH,WTC,ETH,BREAK
LRCBTC,LRC,BTC,TRADING
LRCETH,LRC,ETH,TRADING
QTUMBTC,QTUM,BTC,TRADING
YOYOBTC,YOYO,BTC,BREAK
OMGBTC,OMG,BTC,TRADING
OMGETH,OMG,ETH,TRADING
ZRXBTC,ZRX,BTC,TRADING
ZRXETH,ZRX,ETH,TRADING
STRATBTC,STRAT,BTC,BREAK
STRATETH,STRAT,ETH,BREAK
SNGLSBTC,SNGLS,BTC,BREAK
SNGLSETH,SNGLS,ETH,BREAK
BQXBTC,BQX,BTC,BREAK
BQXETH,BQX,ETH,BREAK
KNCBTC,KNC,BTC,TRADING
KNCETH,KNC,ETH,TRADING
FUNBTC,FUN,BTC,BREAK
FUNETH,FUN,ETH,TRADING
SNMBTC,SNM,BTC,TRADING
SNMETH,SNM,ETH,BREAK
NEOETH,NEO,ETH,TRADING
IOTABTC,IOTA,BTC,TRADING
IOTAETH,IOTA,ETH,TRADING
LINKBTC,LINK,BTC,TRADING
LINKETH,LINK,ETH,TRADING
XVGBTC,XVG,BTC,BREAK
XVGETH,XVG,ETH,TRADING
SALTBTC,SALT,BTC,BREAK
SALTETH,SALT,ETH,BREAK
MDABTC,MDA,BTC,BREAK
MDAETH,MDA,ETH,BREAK
MTLBTC,MTL,BTC,TRADING
MTLETH,MTL,ETH,TRADING
SUBBTC,SUB,BTC,BREAK
SUBETH,SUB,ETH,BREAK
EOSBTC,EOS,BTC,TRADING
SNTBTC,SNT,BTC,TRADING
ETCETH,ETC,ETH,TRADING
ETCBTC,ETC,BTC,TRADING
MTHBTC,MTH,BTC,BREAK
MTHETH,MTH,ETH,BREAK
ENGBTC,ENG,BTC,BREAK
ENGETH,ENG,ETH,BREAK
DNTBTC,DNT,BTC,BREAK
ZECBTC,ZEC,BTC,TRADING
ZECETH,ZEC,ETH,TRADING
BNTBTC,BNT,BTC,TRADING
ASTBTC,AST,BTC,TRADING
ASTETH,AST,ETH,BREAK
DASHBTC,DASH,BTC,TRADING
DASHETH,DASH,ETH,TRADING
OAXBTC,OAX,BTC,TRADING
ICNBTC,ICN,BTC,BREAK
BTGBTC,BTG,BTC,BREAK
BTGETH,BTG,ETH,BREAK
EVXBTC,EVX,BTC,BREAK
EVXETH,EVX,ETH,BREAK
REQBTC,REQ,BTC,TRADING
REQETH,REQ,ETH,BREAK
VIBBTC,VIB,BTC,TRADING
VIBETH,VIB,ETH,TRADING
HSRETH,HSR,ETH,BREAK
TRXBTC,TRX,BTC,TRADING
TRXETH,TRX,ETH,TRADING
POWRBTC,POWR,BTC,TRADING
POWRETH,POWR,ETH,TRADING
ARKBTC,ARK,BTC,BREAK
ARKETH,ARK,ETH,BREAK
YOYOETH,YOYO,ETH,BREAK
XRPBTC,XRP,BTC,TRADING
XRPETH,XRP,ETH,TRADING
MODBTC,MOD,BTC,BREAK
MODETH,MOD,ETH,BREAK
ENJBTC,ENJ,BTC,TRADING
ENJETH,ENJ,ETH,TRADING
STORJBTC,STORJ,BTC,TRADING
STORJETH,STORJ,ETH,BREAK
BNBUSDT,BNB,USDT,TRADING
VENBNB,VEN,BNB,BREAK
YOYOBNB,YOYO,BNB,BREAK
POWRBNB,POWR,BNB,BREAK
VENBTC,VEN,BTC,BREAK
VENETH,VEN,ETH,BREAK
KMDBTC,KMD,BTC,TRADING
KMDETH,KMD,ETH,BREAK
NULSBNB,NULS,BNB,BREAK
RCNBTC,RCN,BTC,BREAK
RCNETH,RCN,ETH,BREAK
RCNBNB,RCN,BNB,BREAK
NULSBTC,NULS,BTC,TRADING
NULSETH,NULS,ETH,BREAK
RDNBTC,RDN,BTC,BREAK
RDNETH,RDN,ETH,BREAK
RDNBNB,RDN,BNB,BREAK
XMRBTC,XMR,BTC,TRADING
XMRETH,XMR,ETH,TRADING
DLTBNB,DLT,BNB,BREAK
WTCBNB,WTC,BNB,BREAK
DLTBTC,DLT,BTC,BREAK
DLTETH,DLT,ETH,BREAK
AMBBTC,AMB,BTC,TRADING
AMBETH,AMB,ETH,BREAK
AMBBNB,AMB,BNB,BREAK
BCCETH,BCC,ETH,BREAK
BCCUSDT,BCC,USDT,BREAK
BCCBNB,BCC,BNB,BREAK
BATBTC,BAT,BTC,TRADING
BATETH,BAT,ETH,TRADING
BATBNB,BAT,BNB,BREAK
BCPTBTC,BCPT,BTC,BREAK
BCPTETH,BCPT,ETH,BREAK
BCPTBNB,BCPT,BNB,BREAK
ARNBTC,ARN,BTC,BREAK
ARNETH,ARN,ETH,BREAK
GVTBTC,GVT,BTC,BREAK
GVTETH,GVT,ETH,BREAK
CDTBTC,CDT,BTC,BREAK
CDTETH,CDT,ETH,BREAK
GXSBTC,GXS,BTC,BREAK
GXSETH,GXS,ETH,BREAK
NEOUSDT,NEO,USDT,TRADING
NEOBNB,NEO,BNB,TRADING
POEBTC,POE,BTC,BREAK
POEETH,POE,ETH,BREAK
QSPBTC,QSP,BTC,BREAK
QSPETH,QSP,ETH,BREAK
QSPBNB,QSP,BNB,BREAK
BTSBTC,BTS,BTC,TRADING
BTSETH,BTS,ETH,BREAK
BTSBNB,BTS,BNB,BREAK
XZCBTC,XZC,BTC,BREAK
XZCETH,XZC,ETH,BREAK
XZCBNB,XZC,BNB,BREAK
LSKBTC,LSK,BTC,TRADING
LSKETH,LSK,ETH,TRADING
LSKBNB,LSK,BNB,BREAK
TNTBTC,TNT,BTC,BREAK
TNTETH,TNT,ETH,BREAK
FUELBTC,FUEL,BTC,BREAK
FUELETH,FUEL,ETH,BREAK
MANABTC,MANA,BTC,TRADING
MANAETH,MANA,ETH,TRADING
BCDBTC,BCD,BTC,BREAK
BCDETH,BCD,ETH,BREAK
DGDBTC,DGD,BTC,BREAK
DGDETH,DGD,ETH,BREAK
IOTABNB,IOTA,BNB,TRADING
ADXBTC,ADX,BTC,TRADING
ADXETH,ADX,ETH,TRADING
ADXBNB,ADX,BNB,BREAK
ADABTC,ADA,BTC,TRADING
ADAETH,ADA,ETH,TRADING
PPTBTC,PPT,BTC,BREAK
PPTETH,PPT,ETH,BREAK
CMTBTC,CMT,BTC,BREAK
CMTETH,CMT,ETH,BREAK
CMTBNB,CMT,BNB,BREAK
XLMBTC,XLM,BTC,TRADING
XLMETH,XLM,ETH,TRADING
XLMBNB,XLM,BNB,TRADING
CNDBTC,CND,BTC,BREAK
CNDETH,CND,ETH,BREAK
CNDBNB,CND,BNB,BREAK
LENDBTC,LEND,BTC,BREAK
LENDETH,LEND,ETH,BREAK
WABIBTC,WABI,BTC,TRADING
WABIETH,WABI,ETH,BREAK
WABIBNB,WABI,BNB,BREAK
LTCETH,LTC,ETH,TRADING
LTCUSDT,LTC,USDT,TRADING
LTCBNB,LTC,BNB,TRADING
TNBBTC,TNB,BTC,BREAK
TNBETH,TNB,ETH,BREAK
WAVESBTC,WAVES,BTC,TRADING
WAVESETH,WAVES,ETH,TRADING
WAVESBNB,WAVES,BNB,TRADING
GTOBTC,GTO,BTC,BREAK
GTOETH,GTO,ETH,BREAK
GTOBNB,GTO,BNB,BREAK
ICXBTC,ICX,BTC,TRADING
ICXETH,ICX,ETH,TRADING
ICXBNB,ICX,BNB,BREAK
OSTBTC,OST,BTC,BREAK
OSTETH,OST,ETH,BREAK
OSTBNB,OST,BNB,BREAK
ELFBTC,ELF,BTC,TRADING
ELFETH,ELF,ETH,TRADING
AIONBTC,AION,BTC,TRADING
AIONETH,AION,ETH,BREAK
AIONBNB,AION,BNB,BREAK
NEBLBTC,NEBL,BTC,TRADING
NEBLBNB,NEBL,BNB,BREAK
BRDBTC,BRD,BTC,BREAK
BRDETH,BRD,ETH,BREAK
BRDBNB,BRD,BNB,BREAK
MCOBNB,MCO,BNB,BREAK
EDOBTC,EDO,BTC,BREAK
EDOETH,EDO,ETH,BREAK
WINGSBTC,WINGS,BTC,BREAK
WINGSETH,WINGS,ETH,BREAK
NAVBTC,NAV,BTC,BREAK
NAVETH,NAV,ETH,BREAK
NAVBNB,NAV,BNB,BREAK
LUNBTC,LUN,BTC,BREAK
LUNETH,LUN,ETH,BREAK
TRIGBTC,TRIG,BTC,BREAK
TRIGETH,TRIG,ETH,BREAK
TRIGBNB,TRIG,BNB,BREAK
APPCBTC,APPC,BTC,BREAK
APPCETH,APPC,ETH,BREAK
APPCBNB,APPC,BNB,BREAK
VIBEBTC,VIBE,BTC,BREAK
VIBEETH,VIBE,ETH,BREAK
RLCBTC,RLC,BTC,TRADING
RLCETH,RLC,ETH,TRADING
RLCBNB,RLC,BNB,BREAK
INSBTC,INS,BTC,BREAK
INSETH,INS,ETH,BREAK
PIVXBTC,PIVX,BTC,TRADING
PIVXBNB,PIVX,BNB,BREAK
IOSTBTC,IOST,BTC,TRADING
IOSTETH,IOST,ETH,TRADING
CHATBTC,CHAT,BTC,BREAK
CHATETH,CHAT,ETH,BREAK
STEEMBTC,STEEM,BTC,TRADING
STEEMETH,STEEM,ETH,TRADING
STEEMBNB,STEEM,BNB,BREAK
NANOBTC,NANO,BTC,BREAK
NANOETH,NANO,ETH,BREAK
NANOBNB,NANO,BNB,BREAK
VIABTC,VIA,BTC,BREAK
VIAETH,VIA,ETH,BREAK
VIABNB,VIA,BNB,BREAK
BLZBTC,BLZ,BTC,TRADING
BLZETH,BLZ,ETH,TRADING
BLZBNB,BLZ,BNB,BREAK
AEBTC,AE,BTC,BREAK
AEETH,AE,ETH,BREAK
AEBNB,AE,BNB,BREAK
RPXBTC,RPX,BTC,BREAK
RPXETH,RPX,ETH,BREAK
RPXBNB,RPX,BNB,BREAK
NCASHBTC,NCASH,BTC,BREAK
NCASHETH,NCASH,ETH,BREAK
NCASHBNB,NCASH,BNB,BREAK
POABTC,POA,BTC,BREAK
POAETH,POA,ETH,BREAK
POABNB,POA,BNB,BREAK
ZILBTC,ZIL,BTC,TRADING
ZILETH,ZIL,ETH,TRADING
ZILBNB,ZIL,BNB,TRADING
ONTBTC,ONT,BTC,TRADING
ONTETH,ONT,ETH,TRADING
ONTBNB,ONT,BNB,BREAK
STORMBTC,STORM,BTC,BREAK
STORMETH,STORM,ETH,BREAK
STORMBNB,STORM,BNB,BREAK
QTUMBNB,QTUM,BNB,BREAK
QTUMUSDT,QTUM,USDT,TRADING
XEMBTC,XEM,BTC,BREAK
XEMETH,XEM,ETH,BREAK
XEMBNB,XEM,BNB,BREAK
WANBTC,WAN,BTC,TRADING
WANETH,WAN,ETH,TRADING
WANBNB,WAN,BNB,BREAK
WPRBTC,WPR,BTC,BREAK
WPRETH,WPR,ETH,BREAK
QLCBTC,QLC,BTC,TRADING
QLCETH,QLC,ETH,BREAK
SYSBTC,SYS,BTC,TRADING
SYSETH,SYS,ETH,BREAK
SYSBNB,SYS,BNB,BREAK
QLCBNB,QLC,BNB,BREAK
GRSBTC,GRS,BTC,BREAK
GRSETH,GRS,ETH,BREAK
ADAUSDT,ADA,USDT,TRADING
ADABNB,ADA,BNB,TRADING
CLOAKBTC,CLOAK,BTC,BREAK
CLOAKETH,CLOAK,ETH,BREAK
GNTBTC,GNT,BTC,BREAK
GNTETH,GNT,ETH,BREAK
GNTBNB,GNT,BNB,BREAK
LOOMBTC,LOOM,BTC,TRADING
LOOMETH,LOOM,ETH,BREAK
LOOMBNB,LOOM,BNB,BREAK
XRPUSDT,XRP,USDT,TRADING
BCNBTC,BCN,BTC,BREAK
BCNETH,BCN,ETH,BREAK
BCNBNB,BCN,BNB,BREAK
REPBTC,REP,BTC,BREAK
REPBNB,REP,BNB,BREAK
BTCTUSD,BTC,TUSD,BREAK
TUSDBTC,TUSD,BTC,BREAK
ETHTUSD,ETH,TUSD,BREAK
TUSDETH,TUSD,ETH,BREAK
TUSDBNB,TUSD,BNB,BREAK
ZENBTC,ZEN,BTC,TRADING
ZENETH,ZEN,ETH,TRADING
ZENBNB,ZEN,BNB,TRADING
SKYBTC,SKY,BTC,BREAK
SKYETH,SKY,ETH,BREAK
SKYBNB,SKY,BNB,BREAK
EOSUSDT,EOS,USDT,TRADING
EOSBNB,EOS,BNB,TRADING
CVCBTC,CVC,BTC,BREAK
CVCETH,CVC,ETH,BREAK
CVCBNB,CVC,BNB,BREAK
THETABTC,THETA,BTC,TRADING
THETAETH,THETA,ETH,TRADING
THETABNB,THETA,BNB,TRADING
XRPBNB,XRP,BNB,TRADING
TUSDUSDT,TUSD,USDT,BREAK
IOTAUSDT,IOTA,USDT,TRADING
XLMUSDT,XLM,USDT,TRADING
IOTXBTC,IOTX,BTC,TRADING
IOTXETH,IOTX,ETH,TRADING
QKCBTC,QKC,BTC,TRADING
QKCETH,QKC,ETH,TRADING
AGIBTC,AGI,BTC,BREAK
AGIETH,AGI,ETH,BREAK
AGIBNB,AGI,BNB,BREAK
NXSBTC,NXS,BTC,BREAK
NXSETH,NXS,ETH,BREAK
NXSBNB,NXS,BNB,BREAK
ENJBNB,ENJ,BNB,TRADING
DATABTC,DATA,BTC,TRADING
DATAETH,DATA,ETH,BREAK
ONTUSDT,ONT,USDT,TRADING
TRXBNB,TRX,BNB,TRADING
TRXUSDT,TRX,USDT,TRADING
ETCUSDT,ETC,USDT,TRADING
ETCBNB,ETC,BNB,TRADING
ICXUSDT,ICX,USDT,TRADING
SCBTC,SC,BTC,BREAK
SCETH,SC,ETH,TRADING
NPXSBTC,NPXS,BTC,BREAK
NPXSETH,NPXS,ETH,BREAK
VENUSDT,VEN,USDT,BREAK
KEYBTC,KEY,BTC,BREAK
KEYETH,KEY,ETH,TRADING
NASBTC,NAS,BTC,BREAK
NASETH,NAS,ETH,BREAK
NASBNB,NAS,BNB,BREAK
MFTBTC,MFT,BTC,BREAK
MFTETH,MFT,ETH,BREAK
MFTBNB,MFT,BNB,BREAK
DENTBTC,DENT,BTC,BREAK
DENTETH,DENT,ETH,TRADING
ARDRBTC,ARDR,BTC,TRADING
ARDRETH,ARDR,ETH,BREAK
ARDRBNB,ARDR,BNB,BREAK
NULSUSDT,NULS,USDT,TRADING
HOTBTC,HOT,BTC,BREAK
HOTETH,HOT,ETH,TRADING
VETBTC,VET,BTC,TRADING
VETETH,VET,ETH,TRADING
VETUSDT,VET,USDT,TRADING
VETBNB,VET,BNB,TRADING
DOCKBTC,DOCK,BTC,TRADING
DOCKETH,DOCK,ETH,BREAK
POLYBTC,POLY,BTC,BREAK
POLYBNB,POLY,BNB,BREAK
PHXBTC,PHX,BTC,BREAK
PHXETH,PHX,ETH,BREAK
PHXBNB,PHX,BNB,BREAK
HCBTC,HC,BTC,BREAK
HCETH,HC,ETH,BREAK
GOBTC,GO,BTC,BREAK
GOBNB,GO,BNB,BREAK
PAXBTC,PAX,BTC,BREAK
PAXBNB,PAX,BNB,BREAK
PAXUSDT,PAX,USDT,BREAK
PAXETH,PAX,ETH,BREAK
RVNBTC,RVN,BTC,TRADING
DCRBTC,DCR,BTC,TRADING
DCRBNB,DCR,BNB,BREAK
USDCBNB,USDC,BNB,BREAK
MITHBTC,MITH,BTC,BREAK
MITHBNB,MITH,BNB,BREAK
BCHABCBTC,BCHABC,BTC,BREAK
BCHSVBTC,BCHSV,BTC,BREAK
BCHABCUSDT,BCHABC,USDT,BREAK
BCHSVUSDT,BCHSV,USDT,BREAK
BNBPAX,BNB,PAX,BREAK
BTCPAX,BTC,PAX,BREAK
ETHPAX,ETH,PAX,BREAK
XRPPAX,XRP,PAX,BREAK
EOSPAX,EOS,PAX,BREAK
XLMPAX,XLM,PAX,BREAK
RENBTC,REN,BTC,TRADING
RENBNB,REN,BNB,BREAK
BNBTUSD,BNB,TUSD,BREAK
XRPTUSD,XRP,TUSD,BREAK
EOSTUSD,EOS,TUSD,BREAK
XLMTUSD,XLM,TUSD,BREAK
BNBUSDC,BNB,USDC,BREAK
BTCUSDC,BTC,USDC,BREAK
ETHUSDC,ETH,USDC,BREAK
XRPUSDC,XRP,USDC,BREAK
EOSUSDC,EOS,USDC,BREAK
XLMUSDC,XLM,USDC,BREAK
USDCUSDT,USDC,USDT,BREAK
ADATUSD,ADA,TUSD,BREAK
TRXTUSD,TRX,TUSD,BREAK
NEOTUSD,NEO,TUSD,BREAK
TRXXRP,TRX,XRP,TRADING
XZCXRP,XZC,XRP,BREAK
PAXTUSD,PAX,TUSD,BREAK
USDCTUSD,USDC,TUSD,BREAK
USDCPAX,USDC,PAX,BREAK
LINKUSDT,LINK,USDT,TRADING
LINKTUSD,LINK,TUSD,BREAK
LINKPAX,LINK,PAX,BREAK
LINKUSDC,LINK,USDC,BREAK
WAVESUSDT,WAVES,USDT,TRADING
WAVESTUSD,WAVES,TUSD,BREAK
WAVESPAX,WAVES,PAX,BREAK
WAVESUSDC,WAVES,USDC,BREAK
BCHABCTUSD,BCHABC,TUSD,BREAK
BCHABCPAX,BCHABC,PAX,BREAK
BCHABCUSDC,BCHABC,USDC,BREAK
BCHSVTUSD,BCHSV,TUSD,BREAK
BCHSVPAX,BCHSV,PAX,BREAK
BCHSVUSDC,BCHSV,USDC,BREAK
LTCTUSD,LTC,TUSD,BREAK
LTCPAX,LTC,PAX,BREAK
LTCUSDC,LTC,USDC,BREAK
TRXPAX,TRX,PAX,BREAK
TRXUSDC,TRX,USDC,BREAK
BTTBTC,BTT,BTC,BREAK
BTTBNB,BTT,BNB,BREAK
BTTUSDT,BTT,USDT,BREAK
BNBUSDS,BNB,USDS,BREAK
BTCUSDS,BTC,USDS,BREAK
USDSUSDT,USDS,USDT,BREAK
USDSPAX,USDS,PAX,BREAK
USDSTUSD,USDS,TUSD,BREAK
USDSUSDC,USDS,USDC,BREAK
BTTPAX,BTT,PAX,BREAK
BTTTUSD,BTT,TUSD,BREAK
BTTUSDC,BTT,USDC,BREAK
ONGBNB,ONG,BNB,BREAK
ONGBTC,ONG,BTC,TRADING
ONGUSDT,ONG,USDT,TRADING
HOTBNB,HOT,BNB,BREAK
HOTUSDT,HOT,USDT,TRADING
ZILUSDT,ZIL,USDT,TRADING
ZRXBNB,ZRX,BNB,BREAK
ZRXUSDT,ZRX,USDT,TRADING
FETBNB,FET,BNB,TRADING
FETBTC,FET,BTC,TRADING
FETUSDT,FET,USDT,TRADING
BATUSDT,BAT,USDT,TRADING
XMRBNB,XMR,BNB,TRADING
XMRUSDT,XMR,USDT,TRADING
ZECBNB,ZEC,BNB,TRADING
ZECUSDT,ZEC,USDT,TRADING
ZECPAX,ZEC,PAX,BREAK
ZECTUSD,ZEC,TUSD,BREAK
ZECUSDC,ZEC,USDC,BREAK
IOSTUSDT,IOST,USDT,TRADING
CELRBNB,CELR,BNB,TRADING
CELRBTC,CELR,BTC,TRADING
CELRUSDT,CELR,USDT,TRADING
ADAPAX,ADA,PAX,BREAK
ADAUSDC,ADA,USDC,BREAK
NEOPAX,NEO,PAX,BREAK
NEOUSDC,NEO,USDC,BREAK
DASHBNB,DASH,BNB,TRADING
DASHUSDT,DASH,USDT,TRADING
NANOUSDT,NANO,USDT,BREAK
OMGBNB,OMG,BNB,BREAK
OMGUSDT,OMG,USDT,TRADING
THETAUSDT,THETA,USDT,TRADING
ENJUSDT,ENJ,USDT,TRADING
MITHUSDT,MITH,USDT,BREAK
MATICBNB,MATIC,BNB,TRADING
MATICBTC,MATIC,BTC,TRADING
MATICUSDT,MATIC,USDT,TRADING
ATOMBNB,ATOM,BNB,TRADING
ATOMBTC,ATOM,BTC,TRADING
ATOMUSDT,ATOM,USDT,TRADING
ATOMUSDC,ATOM,USDC,BREAK
ATOMPAX,ATOM,PAX,BREAK
ATOMTUSD,ATOM,TUSD,BREAK
ETCUSDC,ETC,USDC,BREAK
ETCPAX,ETC,PAX,BREAK
ETCTUSD,ETC,TUSD,BREAK
BATUSDC,BAT,USDC,BREAK
BATPAX,BAT,PAX,BREAK
BATTUSD,BAT,TUSD,BREAK
PHBBNB,PHB,BNB,BREAK
PHBBTC,PHB,BTC,TRADING
PHBUSDC,PHB,USDC,BREAK
PHBTUSD,PHB,TUSD,BREAK
PHBPAX,PHB,PAX,BREAK
TFUELBNB,TFUEL,BNB,BREAK
TFUELBTC,TFUEL,BTC,TRADING
TFUELUSDT,TFUEL,USDT,TRADING
TFUELUSDC,TFUEL,USDC,BREAK
TFUELTUSD,TFUEL,TUSD,BREAK
TFUELPAX,TFUEL,PAX,BREAK
ONEBNB,ONE,BNB,TRADING
ONEBTC,ONE,BTC,TRADING
ONEUSDT,ONE,USDT,TRADING
ONETUSD,ONE,TUSD,BREAK
ONEPAX,ONE,PAX,BREAK
ONEUSDC,ONE,USDC,BREAK
FTMBNB,FTM,BNB,TRADING
FTMBTC,FTM,BTC,TRADING
FTMUSDT,FTM,USDT,TRADING
FTMTUSD,FTM,TUSD,BREAK
FTMPAX,FTM,PAX,BREAK
FTMUSDC,FTM,USDC,BREAK
BTCBBTC,BTCB,BTC,BREAK
BCPTTUSD,BCPT,TUSD,BREAK
BCPTPAX,BCPT,PAX,BREAK
BCPTUSDC,BCPT,USDC,BREAK
ALGOBNB,ALGO,BNB,TRADING
ALGOBTC,ALGO,BTC,TRADING
ALGOUSDT,ALGO,USDT,TRADING
ALGOTUSD,ALGO,TUSD,BREAK
ALGOPAX,ALGO,PAX,BREAK
ALGOUSDC,ALGO,USDC,BREAK
USDSBUSDT,USDSB,USDT,BREAK
USDSBUSDS,USDSB,USDS,BREAK
GTOUSDT,GTO,USDT,BREAK
GTOPAX,GTO,PAX,BREAK
GTOTUSD,GTO,TUSD,BREAK
GTOUSDC,GTO,USDC,BREAK
ERDBNB,ERD,BNB,BREAK
ERDBTC,ERD,BTC,BREAK
ERDUSDT,ERD,USDT,BREAK
ERDPAX,ERD,PAX,BREAK
ERDUSDC,ERD,USDC,BREAK
DOGEBNB,DOGE,BNB,BREAK
DOGEBTC,DOGE,BTC,TRADING
DOGEUSDT,DOGE,USDT,TRADING
DOGEPAX,DOGE,PAX,BREAK
DOGEUSDC,DOGE,USDC,BREAK
DUSKBNB,DUSK,BNB,BREAK
DUSKBTC,DUSK,BTC,TRADING
DUSKUSDT,DUSK,USDT,TRADING
DUSKUSDC,DUSK,USDC,BREAK
DUSKPAX,DUSK,PAX,BREAK
BGBPUSDC,BGBP,USDC,BREAK
ANKRBNB,ANKR,BNB,TRADING
ANKRBTC,ANKR,BTC,TRADING
ANKRUSDT,ANKR,USDT,TRADING
ANKRTUSD,ANKR,TUSD,BREAK
ANKRPAX,ANKR,PAX,BREAK
ANKRUSDC,ANKR,USDC,BREAK
ONTPAX,ONT,PAX,BREAK
ONTUSDC,ONT,USDC,BREAK
WINBNB,WIN,BNB,TRADING
WINBTC,WIN,BTC,BREAK
WINUSDT,WIN,USDT,TRADING
WINUSDC,WIN,USDC,BREAK
COSBNB,COS,BNB,TRADING
COSBTC,COS,BTC,TRADING
COSUSDT,COS,USDT,TRADING
TUSDBTUSD,TUSDB,TUSD,BREAK
NPXSUSDT,NPXS,USDT,BREAK
NPXSUSDC,NPXS,USDC,BREAK
COCOSBNB,COCOS,BNB,TRADING
COCOSBTC,COCOS,BTC,BREAK
COCOSUSDT,COCOS,USDT,TRADING
MTLUSDT,MTL,USDT,TRADING
TOMOBNB,TOMO,BNB,BREAK
TOMOBTC,TOMO,BTC,TRADING
TOMOUSDT,TOMO,USDT,TRADING
TOMOUSDC,TOMO,USDC,BREAK
PERLBNB,PERL,BNB,BREAK
PERLBTC,PERL,BTC,BREAK
PERLUSDC,PERL,USDC,BREAK
PERLUSDT,PERL,USDT,TRADING
DENTUSDT,DENT,USDT,TRADING
MFTUSDT,MFT,USDT,BREAK
KEYUSDT,KEY,USDT,TRADING
STORMUSDT,STORM,USDT,BREAK
DOCKUSDT,DOCK,USDT,TRADING
WANUSDT,WAN,USDT,TRADING
FUNUSDT,FUN,USDT,TRADING
CVCUSDT,CVC,USDT,BREAK
BTTTRX,BTT,TRX,BREAK
WINTRX,WIN,TRX,TRADING
CHZBNB,CHZ,BNB,TRADING
CHZBTC,CHZ,BTC,TRADING
CHZUSDT,CHZ,USDT,TRADING
BANDBNB,BAND,BNB,BREAK
BANDBTC,BAND,BTC,TRADING
BANDUSDT,BAND,USDT,TRADING
BNBBUSD,BNB,BUSD,TRADING
BTCBUSD,BTC,BUSD,TRADING
BUSDUSDT,BUSD,USDT,TRADING
BEAMBNB,BEAM,BNB,BREAK
BEAMBTC,BEAM,BTC,BREAK
BEAMUSDT,BEAM,USDT,TRADING
XTZBNB,XTZ,BNB,TRADING
XTZBTC,XTZ,BTC,TRADING
XTZUSDT,XTZ,USDT,TRADING
RENUSDT,REN,USDT,TRADING
RVNUSDT,RVN,USDT,TRADING
HCUSDT,HC,USDT,BREAK
HBARBNB,HBAR,BNB,TRADING
HBARBTC,HBAR,BTC,TRADING
HBARUSDT,HBAR,USDT,TRADING
NKNBNB,NKN,BNB,BREAK
NKNBTC,NKN,BTC,TRADING
NKNUSDT,NKN,USDT,TRADING
XRPBUSD,XRP,BUSD,TRADING
ETHBUSD,ETH,BUSD,TRADING
BCHABCBUSD,BCHABC,BUSD,BREAK
LTCBUSD,LTC,BUSD,TRADING
LINKBUSD,LINK,BUSD,TRADING
ETCBUSD,ETC,BUSD,TRADING
STXBNB,STX,BNB,TRADING
STXBTC,STX,BTC,TRADING
STXUSDT,STX,USDT,TRADING
KAVABNB,KAVA,BNB,TRADING
KAVABTC,KAVA,BTC,TRADING
KAVAUSDT,KAVA,USDT,TRADING
BUSDNGN,BUSD,NGN,BREAK
BNBNGN,BNB,NGN,BREAK
BTCNGN,BTC,NGN,BREAK
ARPABNB,ARPA,BNB,TRADING
ARPABTC,ARPA,BTC,TRADING
ARPAUSDT,ARPA,USDT,TRADING
TRXBUSD,TRX,BUSD,TRADING
EOSBUSD,EOS,BUSD,TRADING
IOTXUSDT,IOTX,USDT,TRADING
RLCUSDT,RLC,USDT,TRADING
MCOUSDT,MCO,USDT,BREAK
XLMBUSD,XLM,BUSD,TRADING
ADABUSD,ADA,BUSD,TRADING
CTXCBNB,CTXC,BNB,BREAK
CTXCBTC,CTXC,BTC,TRADING
CTXCUSDT,CTXC,USDT,TRADING
BCHBNB,BCH,BNB,TRADING
BCHBTC,BCH,BTC,TRADING
BCHUSDT,BCH,USDT,TRADING
BCHUSDC,BCH,USDC,BREAK
BCHTUSD,BCH,TUSD,BREAK
BCHPAX,BCH,PAX,BREAK
BCHBUSD,BCH,BUSD,TRADING
BTCRUB,BTC,RUB,TRADING
ETHRUB,ETH,RUB,TRADING
XRPRUB,XRP,RUB,TRADING
BNBRUB,BNB,RUB,TRADING
TROYBNB,TROY,BNB,BREAK
TROYBTC,TROY,BTC,BREAK
TROYUSDT,TROY,USDT,TRADING
BUSDRUB,BUSD,RUB,TRADING
QTUMBUSD,QTUM,BUSD,TRADING
VETBUSD,VET,BUSD,TRADING
VITEBNB,VITE,BNB,BREAK
VITEBTC,VITE,BTC,TRADING
VITEUSDT,VITE,USDT,TRADING
FTTBNB,FTT,BNB,BREAK
FTTBTC,FTT,BTC,BREAK
FTTUSDT,FTT,USDT,BREAK
BTCTRY,BTC,TRY,TRADING
BNBTRY,BNB,TRY,TRADING
BUSDTRY,BUSD,TRY,TRADING
ETHTRY,ETH,TRY,TRADING
XRPTRY,XRP,TRY,TRADING
USDTTRY,USDT,TRY,TRADING
USDTRUB,USDT,RUB,TRADING
BTCEUR,BTC,EUR,TRADING
ETHEUR,ETH,EUR,TRADING
BNBEUR,BNB,EUR,TRADING
XRPEUR,XRP,EUR,TRADING
EURBUSD,EUR,BUSD,TRADING
EURUSDT,EUR,USDT,TRADING
OGNBNB,OGN,BNB,BREAK
OGNBTC,OGN,BTC,TRADING
OGNUSDT,OGN,USDT,TRADING
DREPBNB,DREP,BNB,BREAK
DREPBTC,DREP,BTC,TRADING
DREPUSDT,DREP,USDT,TRADING
BULLUSDT,BULL,USDT,BREAK
BULLBUSD,BULL,BUSD,BREAK
BEARUSDT,BEAR,USDT,BREAK
BEARBUSD,BEAR,BUSD,BREAK
ETHBULLUSDT,ETHBULL,USDT,BREAK
ETHBULLBUSD,ETHBULL,BUSD,BREAK
ETHBEARUSDT,ETHBEAR,USDT,BREAK
ETHBEARBUSD,ETHBEAR,BUSD,BREAK
TCTBNB,TCT,BNB,BREAK
TCTBTC,TCT,BTC,BREAK
TCTUSDT,TCT,USDT,BREAK
WRXBNB,WRX,BNB,TRADING
WRXBTC,WRX,BTC,TRADING
WRXUSDT,WRX,USDT,TRADING
ICXBUSD,ICX,BUSD,TRADING
BTSUSDT,BTS,USDT,TRADING
BTSBUSD,BTS,BUSD,BREAK
LSKUSDT,LSK,USDT,TRADING
BNTUSDT,BNT,USDT,TRADING
BNTBUSD,BNT,BUSD,TRADING
LTOBNB,LTO,BNB,BREAK
LTOBTC,LTO,BTC,TRADING
LTOUSDT,LTO,USDT,TRADING
ATOMBUSD,ATOM,BUSD,TRADING
DASHBUSD,DASH,BUSD,TRADING
NEOBUSD,NEO,BUSD,TRADING
WAVESBUSD,WAVES,BUSD,TRADING
XTZBUSD,XTZ,BUSD,TRADING
EOSBULLUSDT,EOSBULL,USDT,BREAK
EOSBULLBUSD,EOSBULL,BUSD,BREAK
EOSBEARUSDT,EOSBEAR,USDT,BREAK
EOSBEARBUSD,EOSBEAR,BUSD,BREAK
XRPBULLUSDT,XRPBULL,USDT,BREAK
XRPBULLBUSD,XRPBULL,BUSD,BREAK
XRPBEARUSDT,XRPBEAR,USDT,BREAK
XRPBEARBUSD,XRPBEAR,BUSD,BREAK
BATBUSD,BAT,BUSD,TRADING
ENJBUSD,ENJ,BUSD,TRADING
NANOBUSD,NANO,BUSD,BREAK
ONTBUSD,ONT,BUSD,TRADING
RVNBUSD,RVN,BUSD,TRADING
STRATBUSD,STRAT,BUSD,BREAK
STRATBNB,STRAT,BNB,BREAK
STRATUSDT,STRAT,USDT,BREAK
AIONBUSD,AION,BUSD,BREAK
AIONUSDT,AION,USDT,TRADING
MBLBNB,MBL,BNB,BREAK
MBLBTC,MBL,BTC,BREAK
MBLUSDT,MBL,USDT,TRADING
COTIBNB,COTI,BNB,TRADING
COTIBTC,COTI,BTC,TRADING
COTIUSDT,COTI,USDT,TRADING
ALGOBUSD,ALGO,BUSD,TRADING
BTTBUSD,BTT,BUSD,BREAK
TOMOBUSD,TOMO,BUSD,TRADING
XMRBUSD,XMR,BUSD,TRADING
ZECBUSD,ZEC,BUSD,TRADING
BNBBULLUSDT,BNBBULL,USDT,BREAK
BNBBULLBUSD,BNBBULL,BUSD,BREAK
BNBBEARUSDT,BNBBEAR,USDT,BREAK
BNBBEARBUSD,BNBBEAR,BUSD,BREAK
STPTBNB,STPT,BNB,BREAK
STPTBTC,STPT,BTC,TRADING
STPTUSDT,STPT,USDT,TRADING
BTCZAR,BTC,ZAR,TRADING
ETHZAR,ETH,ZAR,TRADING
BNBZAR,BNB,ZAR,BREAK
USDTZAR,USDT,ZAR,BREAK
BUSDZAR,BUSD,ZAR,TRADING
BTCBKRW,BTC,BKRW,BREAK
ETHBKRW,ETH,BKRW,BREAK
BNBBKRW,BNB,BKRW,BREAK
WTCUSDT,WTC,USDT,TRADING
DATABUSD,DATA,BUSD,TRADING
DATAUSDT,DATA,USDT,TRADING
XZCUSDT,XZC,USDT,BREAK
SOLBNB,SOL,BNB,TRADING
SOLBTC,SOL,BTC,TRADING
SOLUSDT,SOL,USDT,TRADING
SOLBUSD,SOL,BUSD,TRADING
BTCIDRT,BTC,IDRT,BREAK
BNBIDRT,BNB,IDRT,BREAK
USDTIDRT,USDT,IDRT,TRADING
BUSDIDRT,BUSD,IDRT,BREAK
CTSIBTC,CTSI,BTC,TRADING
CTSIUSDT,CTSI,USDT,TRADING
CTSIBNB,CTSI,BNB,TRADING
CTSIBUSD,CTSI,BUSD,TRADING
HIVEBNB,HIVE,BNB,BREAK
HIVEBTC,HIVE,BTC,TRADING
HIVEUSDT,HIVE,USDT,TRADING
CHRBNB,CHR,BNB,TRADING
CHRBTC,CHR,BTC,TRADING
CHRUSDT,CHR,USDT,TRADING
BTCUPUSDT,BTCUP,USDT,TRADING
BTCDOWNUSDT,BTCDOWN,USDT,TRADING
GXSUSDT,GXS,USDT,BREAK
ARDRUSDT,ARDR,USDT,TRADING
ERDBUSD,ERD,BUSD,BREAK
LENDUSDT,LEND,USDT,BREAK
HBARBUSD,HBAR,BUSD,TRADING
MATICBUSD,MATIC,BUSD,TRADING
WRXBUSD,WRX,BUSD,TRADING
ZILBUSD,ZIL,BUSD,TRADING
MDTBNB,MDT,BNB,BREAK
MDTBTC,MDT,BTC,TRADING
MDTUSDT,MDT,USDT,TRADING
STMXBTC,STMX,BTC,TRADING
STMXETH,STMX,ETH,BREAK
STMXUSDT,STMX,USDT,TRADING
KNCBUSD,KNC,BUSD,TRADING
KNCUSDT,KNC,USDT,TRADING
REPBUSD,REP,BUSD,BREAK
REPUSDT,REP,USDT,BREAK
LRCBUSD,LRC,BUSD,TRADING
LRCUSDT,LRC,USDT,TRADING
IQBNB,IQ,BNB,BREAK
IQBUSD,IQ,BUSD,TRADING
PNTBTC,PNT,BTC,BREAK
PNTUSDT,PNT,USDT,TRADING
BTCGBP,BTC,GBP,TRADING
ETHGBP,ETH,GBP,TRADING
XRPGBP,XRP,GBP,TRADING
BNBGBP,BNB,GBP,TRADING
GBPBUSD,GBP,BUSD,TRADING
DGBBTC,DGB,BTC,TRADING
DGBBUSD,DGB,BUSD,TRADING
BTCUAH,BTC,UAH,TRADING
USDTUAH,USDT,UAH,TRADING
COMPBTC,COMP,BTC,TRADING
COMPBNB,COMP,BNB,BREAK
COMPBUSD,COMP,BUSD,TRADING
COMPUSDT,COMP,USDT,TRADING
BTCBIDR,BTC,BIDR,TRADING
ETHBIDR,ETH,BIDR,TRADING
BNBBIDR,BNB,BIDR,TRADING
BUSDBIDR,BUSD,BIDR,TRADING
USDTBIDR,USDT,BIDR,TRADING
BKRWUSDT,BKRW,USDT,BREAK
BKRWBUSD,BKRW,BUSD,BREAK
SCUSDT,SC,USDT,TRADING
ZENUSDT,ZEN,USDT,TRADING
SXPBTC,SXP,BTC,TRADING
SXPBNB,SXP,BNB,TRADING
SXPBUSD,SXP,BUSD,TRADING
SNXBTC,SNX,BTC,TRADING
SNXBNB,SNX,BNB,TRADING
SNXBUSD,SNX,BUSD,TRADING
SNXUSDT,SNX,USDT,TRADING
ETHUPUSDT,ETHUP,USDT,TRADING
ETHDOWNUSDT,ETHDOWN,USDT,TRADING
ADAUPUSDT,ADAUP,USDT,TRADING
ADADOWNUSDT,ADADOWN,USDT,TRADING
LINKUPUSDT,LINKUP,USDT,TRADING
LINKDOWNUSDT,LINKDOWN,USDT,TRADING
VTHOBNB,VTHO,BNB,BREAK
VTHOBUSD,VTHO,BUSD,BREAK
VTHOUSDT,VTHO,USDT,TRADING
DCRBUSD,DCR,BUSD,BREAK
DGBUSDT,DGB,USDT,TRADING
GBPUSDT,GBP,USDT,TRADING
STORJBUSD,STORJ,BUSD,TRADING
SXPUSDT,SXP,USDT,TRADING
IRISBNB,IRIS,BNB,BREAK
IRISBTC,IRIS,BTC,TRADING
IRISBUSD,IRIS,BUSD,BREAK
MKRBNB,MKR,BNB,BREAK
MKRBTC,MKR,BTC,TRADING
MKRUSDT,MKR,USDT,TRADING
MKRBUSD,MKR,BUSD,TRADING
DAIBNB,DAI,BNB,BREAK
DAIBTC,DAI,BTC,BREAK
DAIUSDT,DAI,USDT,BREAK
DAIBUSD,DAI,BUSD,BREAK
RUNEBNB,RUNE,BNB,TRADING
RUNEBTC,RUNE,BTC,TRADING
RUNEBUSD,RUNE,BUSD,TRADING
MANABUSD,MANA,BUSD,TRADING
DOGEBUSD,DOGE,BUSD,TRADING
LENDBUSD,LEND,BUSD,BREAK
ZRXBUSD,ZRX,BUSD,TRADING
DCRUSDT,DCR,USDT,TRADING
STORJUSDT,STORJ,USDT,TRADING
XRPBKRW,XRP,BKRW,BREAK
ADABKRW,ADA,BKRW,BREAK
BTCAUD,BTC,AUD,TRADING
ETHAUD,ETH,AUD,TRADING
AUDBUSD,AUD,BUSD,TRADING
FIOBNB,FIO,BNB,BREAK
FIOBTC,FIO,BTC,TRADING
FIOBUSD,FIO,BUSD,TRADING
BNBUPUSDT,BNBUP,USDT,TRADING
BNBDOWNUSDT,BNBDOWN,USDT,TRADING
XTZUPUSDT,XTZUP,USDT,BREAK
XTZDOWNUSDT,XTZDOWN,USDT,BREAK
AVABNB,AVA,BNB,BREAK
AVABTC,AVA,BTC,TRADING
AVABUSD,AVA,BUSD,TRADING
USDTBKRW,USDT,BKRW,BREAK
BUSDBKRW,BUSD,BKRW,BREAK
IOTABUSD,IOTA,BUSD,TRADING
MANAUSDT,MANA,USDT,TRADING
XRPAUD,XRP,AUD,TRADING
BNBAUD,BNB,AUD,TRADING
AUDUSDT,AUD,USDT,TRADING
BALBNB,BAL,BNB,BREAK
BALBTC,BAL,BTC,TRADING
BALBUSD,BAL,BUSD,TRADING
YFIBNB,YFI,BNB,BREAK
YFIBTC,YFI,BTC,TRADING
YFIBUSD,YFI,BUSD,TRADING
YFIUSDT,YFI,USDT,TRADING
BLZBUSD,BLZ,BUSD,TRADING
KMDBUSD,KMD,BUSD,BREAK
BALUSDT,BAL,USDT,TRADING
BLZUSDT,BLZ,USDT,TRADING
IRISUSDT,IRIS,USDT,TRADING
KMDUSDT,KMD,USDT,TRADING
BTCDAI,BTC,DAI,TRADING
ETHDAI,ETH,DAI,TRADING
BNBDAI,BNB,DAI,TRADING
USDTDAI,USDT,DAI,TRADING
BUSDDAI,BUSD,DAI,TRADING
JSTBNB,JST,BNB,BREAK
JSTBTC,JST,BTC,TRADING
JSTBUSD,JST,BUSD,TRADING
JSTUSDT,JST,USDT,TRADING
SRMBNB,SRM,BNB,BREAK
SRMBTC,SRM,BTC,BREAK
SRMBUSD,SRM,BUSD,TRADING
SRMUSDT,SRM,USDT,BREAK
ANTBNB,ANT,BNB,TRADING
ANTBTC,ANT,BTC,TRADING
ANTBUSD,ANT,BUSD,TRADING
ANTUSDT,ANT,USDT,TRADING
CRVBNB,CRV,BNB,BREAK
CRVBTC,CRV,BTC,TRADING
CRVBUSD,CRV,BUSD,TRADING
CRVUSDT,CRV,USDT,TRADING
SANDBNB,SAND,BNB,TRADING
SANDBTC,SAND,BTC,TRADING
SANDUSDT,SAND,USDT,TRADING
SANDBUSD,SAND,BUSD,TRADING
OCEANBNB,OCEAN,BNB,TRADING
OCEANBTC,OCEAN,BTC,TRADING
OCEANBUSD,OCEAN,BUSD,TRADING
OCEANUSDT,OCEAN,USDT,TRADING
NMRBTC,NMR,BTC,TRADING
NMRBUSD,NMR,BUSD,TRADING
NMRUSDT,NMR,USDT,TRADING
DOTBNB,DOT,BNB,TRADING
DOTBTC,DOT,BTC,TRADING
DOTBUSD,DOT,BUSD,TRADING
DOTUSDT,DOT,USDT,TRADING
LUNABNB,LUNA,BNB,BREAK
LUNABTC,LUNA,BTC,BREAK
LUNABUSD,LUNA,BUSD,TRADING
LUNAUSDT,LUNA,USDT,TRADING
IDEXBTC,IDEX,BTC,TRADING
IDEXBUSD,IDEX,BUSD,TRADING
RSRBNB,RSR,BNB,TRADING
RSRBTC,RSR,BTC,BREAK
RSRBUSD,RSR,BUSD,TRADING
RSRUSDT,RSR,USDT,TRADING
PAXGBNB,PAXG,BNB,TRADING
PAXGBTC,PAXG,BTC,TRADING
PAXGBUSD,PAXG,BUSD,TRADING
PAXGUSDT,PAXG,USDT,TRADING
WNXMBNB,WNXM,BNB,BREAK
WNXMBTC,WNXM,BTC,BREAK
WNXMBUSD,WNXM,BUSD,BREAK
WNXMUSDT,WNXM,USDT,TRADING
TRBBNB,TRB,BNB,BREAK
TRBBTC,TRB,BTC,TRADING
TRBBUSD,TRB,BUSD,TRADING
TRBUSDT,TRB,USDT,TRADING
ETHNGN,ETH,NGN,BREAK
DOTBIDR,DOT,BIDR,TRADING
LINKAUD,LINK,AUD,TRADING
SXPAUD,SXP,AUD,BREAK
BZRXBNB,BZRX,BNB,BREAK
BZRXBTC,BZRX,BTC,BREAK
BZRXBUSD,BZRX,BUSD,BREAK
BZRXUSDT,BZRX,USDT,BREAK
WBTCBTC,WBTC,BTC,TRADING
WBTCETH,WBTC,ETH,TRADING
SUSHIBNB,SUSHI,BNB,TRADING
SUSHIBTC,SUSHI,BTC,TRADING
SUSHIBUSD,SUSHI,BUSD,TRADING
SUSHIUSDT,SUSHI,USDT,TRADING
YFIIBNB,YFII,BNB,BREAK
YFIIBTC,YFII,BTC,BREAK
YFIIBUSD,YFII,BUSD,BREAK
YFIIUSDT,YFII,USDT,TRADING
KSMBNB,KSM,BNB,BREAK
KSMBTC,KSM,BTC,TRADING
KSMBUSD,KSM,BUSD,TRADING
KSMUSDT,KSM,USDT,TRADING
EGLDBNB,EGLD,BNB,TRADING
EGLDBTC,EGLD,BTC,TRADING
EGLDBUSD,EGLD,BUSD,TRADING
EGLDUSDT,EGLD,USDT,TRADING
DIABNB,DIA,BNB,BREAK
DIABTC,DIA,BTC,TRADING
DIABUSD,DIA,BUSD,TRADING
DIAUSDT,DIA,USDT,TRADING
RUNEUSDT,RUNE,USDT,TRADING
FIOUSDT,FIO,USDT,TRADING
UMABTC,UMA,BTC,TRADING
UMAUSDT,UMA,USDT,TRADING
EOSUPUSDT,EOSUP,USDT,BREAK
EOSDOWNUSDT,EOSDOWN,USDT,BREAK
TRXUPUSDT,TRXUP,USDT,BREAK
TRXDOWNUSDT,TRXDOWN,USDT,BREAK
XRPUPUSDT,XRPUP,USDT,TRADING
XRPDOWNUSDT,XRPDOWN,USDT,TRADING
DOTUPUSDT,DOTUP,USDT,BREAK
DOTDOWNUSDT,DOTDOWN,USDT,BREAK
SRMBIDR,SRM,BIDR,BREAK
ONEBIDR,ONE,BIDR,BREAK
LINKTRY,LINK,TRY,TRADING
USDTNGN,USDT,NGN,TRADING
BELBNB,BEL,BNB,TRADING
BELBTC,BEL,BTC,TRADING
BELBUSD,BEL,BUSD,TRADING
BELUSDT,BEL,USDT,TRADING
WINGBNB,WING,BNB,BREAK
WINGBTC,WING,BTC,TRADING
SWRVBNB,SWRV,BNB,BREAK
SWRVBUSD,SWRV,BUSD,BREAK
WINGBUSD,WING,BUSD,TRADING
WINGUSDT,WING,USDT,TRADING
LTCUPUSDT,LTCUP,USDT,BREAK
LTCDOWNUSDT,LTCDOWN,USDT,BREAK
LENDBKRW,LEND,BKRW,BREAK
SXPEUR,SXP,EUR,TRADING
CREAMBNB,CREAM,BNB,BREAK
CREAMBUSD,CREAM,BUSD,TRADING
UNIBNB,UNI,BNB,TRADING
UNIBTC,UNI,BTC,TRADING
UNIBUSD,UNI,BUSD,TRADING
UNIUSDT,UNI,USDT,TRADING
NBSBTC,NBS,BTC,BREAK
NBSUSDT,NBS,USDT,BREAK
OXTBTC,OXT,BTC,TRADING
OXTUSDT,OXT,USDT,TRADING
SUNBTC,SUN,BTC,BREAK
SUNUSDT,SUN,USDT,TRADING
AVAXBNB,AVAX,BNB,TRADING
AVAXBTC,AVAX,BTC,TRADING
AVAXBUSD,AVAX,BUSD,TRADING
AVAXUSDT,AVAX,USDT,TRADING
HNTBTC,HNT,BTC,BREAK
HNTUSDT,HNT,USDT,BREAK
BAKEBNB,BAKE,BNB,TRADING
BURGERBNB,BURGER,BNB,TRADING
SXPBIDR,SXP,BIDR,BREAK
LINKBKRW,LINK,BKRW,BREAK
FLMBNB,FLM,BNB,BREAK
FLMBTC,FLM,BTC,TRADING
FLMBUSD,FLM,BUSD,BREAK
FLMUSDT,FLM,USDT,TRADING
SCRTBTC,SCRT,BTC,TRADING
SCRTETH,SCRT,ETH,TRADING
CAKEBNB,CAKE,BNB,TRADING
CAKEBUSD,CAKE,BUSD,TRADING
SPARTABNB,SPARTA,BNB,BREAK
UNIUPUSDT,UNIUP,USDT,BREAK
UNIDOWNUSDT,UNIDOWN,USDT,BREAK
ORNBTC,ORN,BTC,TRADING
ORNUSDT,ORN,USDT,TRADING
TRXNGN,TRX,NGN,BREAK
SXPTRY,SXP,TRY,TRADING
UTKBTC,UTK,BTC,TRADING
UTKUSDT,UTK,USDT,TRADING
XVSBNB,XVS,BNB,TRADING
XVSBTC,XVS,BTC,TRADING
XVSBUSD,XVS,BUSD,TRADING
XVSUSDT,XVS,USDT,TRADING
ALPHABNB,ALPHA,BNB,TRADING
ALPHABTC,ALPHA,BTC,TRADING
ALPHABUSD,ALPHA,BUSD,TRADING
ALPHAUSDT,ALPHA,USDT,TRADING
VIDTBTC,VIDT,BTC,TRADING
VIDTBUSD,VIDT,BUSD,TRADING
AAVEBNB,AAVE,BNB,TRADING
BTCBRL,BTC,BRL,TRADING
USDTBRL,USDT,BRL,TRADING
AAVEBTC,AAVE,BTC,TRADING
AAVEETH,AAVE,ETH,TRADING
AAVEBUSD,AAVE,BUSD,TRADING
AAVEUSDT,AAVE,USDT,TRADING
AAVEBKRW,AAVE,BKRW,BREAK
NEARBNB,NEAR,BNB,TRADING
NEARBTC,NEAR,BTC,TRADING
NEARBUSD,NEAR,BUSD,TRADING
NEARUSDT,NEAR,USDT,TRADING
SXPUPUSDT,SXPUP,USDT,BREAK
SXPDOWNUSDT,SXPDOWN,USDT,BREAK
DOTBKRW,DOT,BKRW,BREAK
SXPGBP,SXP,GBP,BREAK
FILBNB,FIL,BNB,TRADING
FILBTC,FIL,BTC,TRADING
FILBUSD,FIL,BUSD,TRADING
FILUSDT,FIL,USDT,TRADING
FILUPUSDT,FILUP,USDT,BREAK
FILDOWNUSDT,FILDOWN,USDT,BREAK
YFIUPUSDT,YFIUP,USDT,BREAK
YFIDOWNUSDT,YFIDOWN,USDT,BREAK
INJBNB,INJ,BNB,TRADING
INJBTC,INJ,BTC,TRADING
INJBUSD,INJ,BUSD,TRADING
INJUSDT,INJ,USDT,TRADING
AERGOBTC,AERGO,BTC,TRADING
AERGOBUSD,AERGO,BUSD,TRADING
LINKEUR,LINK,EUR,TRADING
ONEBUSD,ONE,BUSD,TRADING
EASYETH,EASY,ETH,BREAK
AUDIOBTC,AUDIO,BTC,TRADING
AUDIOBUSD,AUDIO,BUSD,TRADING
AUDIOUSDT,AUDIO,USDT,TRADING
CTKBNB,CTK,BNB,TRADING
CTKBTC,CTK,BTC,TRADING
CTKBUSD,CTK,BUSD,TRADING
CTKUSDT,CTK,USDT,TRADING
BCHUPUSDT,BCHUP,USDT,BREAK
BCHDOWNUSDT,BCHDOWN,USDT,BREAK
BOTBTC,BOT,BTC,BREAK
BOTBUSD,BOT,BUSD,BREAK
ETHBRL,ETH,BRL,TRADING
DOTEUR,DOT,EUR,TRADING
AKROBTC,AKRO,BTC,BREAK
AKROUSDT,AKRO,USDT,TRADING
KP3RBNB,KP3R,BNB,TRADING
KP3RBUSD,KP3R,BUSD,TRADING
AXSBNB,AXS,BNB,TRADING
AXSBTC,AXS,BTC,TRADING
AXSBUSD,AXS,BUSD,TRADING
AXSUSDT,AXS,USDT,TRADING
HARDBNB,HARD,BNB,TRADING
HARDBTC,HARD,BTC,TRADING
HARDBUSD,HARD,BUSD,TRADING
HARDUSDT,HARD,USDT,TRADING
BNBBRL,BNB,BRL,TRADING
LTCEUR,LTC,EUR,TRADING
RENBTCBTC,RENBTC,BTC,BREAK
RENBTCETH,RENBTC,ETH,BREAK
DNTBUSD,DNT,BUSD,BREAK
DNTUSDT,DNT,USDT,BREAK
SLPETH,SLP,ETH,TRADING
ADAEUR,ADA,EUR,TRADING
LTCNGN,LTC,NGN,BREAK
CVPETH,CVP,ETH,TRADING
CVPBUSD,CVP,BUSD,TRADING
STRAXBTC,STRAX,BTC,TRADING
STRAXETH,STRAX,ETH,BREAK
STRAXBUSD,STRAX,BUSD,TRADING
STRAXUSDT,STRAX,USDT,TRADING
FORBTC,FOR,BTC,TRADING
FORBUSD,FOR,BUSD,TRADING
UNFIBNB,UNFI,BNB,BREAK
UNFIBTC,UNFI,BTC,TRADING
UNFIBUSD,UNFI,BUSD,TRADING
UNFIUSDT,UNFI,USDT,TRADING
FRONTETH,FRONT,ETH,BREAK
FRONTBUSD,FRONT,BUSD,TRADING
BCHABUSD,BCHA,BUSD,BREAK
ROSEBTC,ROSE,BTC,TRADING
ROSEBUSD,ROSE,BUSD,TRADING
ROSEUSDT,ROSE,USDT,TRADING
AVAXTRY,AVAX,TRY,TRADING
BUSDBRL,BUSD,BRL,TRADING
AVAUSDT,AVA,USDT,TRADING
SYSBUSD,SYS,BUSD,TRADING
XEMUSDT,XEM,USDT,TRADING
HEGICETH,HEGIC,ETH,BREAK
HEGICBUSD,HEGIC,BUSD,BREAK
AAVEUPUSDT,AAVEUP,USDT,BREAK
AAVEDOWNUSDT,AAVEDOWN,USDT,BREAK
PROMBNB,PROM,BNB,TRADING
PROMBUSD,PROM,BUSD,TRADING
XRPBRL,XRP,BRL,TRADING
XRPNGN,XRP,NGN,BREAK
SKLBTC,SKL,BTC,TRADING
SKLBUSD,SKL,BUSD,TRADING
SKLUSDT,SKL,USDT,TRADING
BCHEUR,BCH,EUR,TRADING
YFIEUR,YFI,EUR,TRADING
ZILBIDR,ZIL,BIDR,TRADING
SUSDBTC,SUSD,BTC,BREAK
SUSDETH,SUSD,ETH,BREAK
SUSDUSDT,SUSD,USDT,BREAK
COVERETH,COVER,ETH,BREAK
COVERBUSD,COVER,BUSD,BREAK
GLMBTC,GLM,BTC,TRADING
GLMETH,GLM,ETH,BREAK
GHSTETH,GHST,ETH,BREAK
GHSTBUSD,GHST,BUSD,TRADING
SUSHIUPUSDT,SUSHIUP,USDT,BREAK
SUSHIDOWNUSDT,SUSHIDOWN,USDT,BREAK
XLMUPUSDT,XLMUP,USDT,BREAK
XLMDOWNUSDT,XLMDOWN,USDT,BREAK
LINKBRL,LINK,BRL,TRADING
LINKNGN,LINK,NGN,BREAK
LTCRUB,LTC,RUB,TRADING
TRXTRY,TRX,TRY,TRADING
XLMEUR,XLM,EUR,TRADING
DFETH,DF,ETH,BREAK
DFBUSD,DF,BUSD,TRADING
GRTBTC,GRT,BTC,TRADING
GRTETH,GRT,ETH,TRADING
GRTUSDT,GRT,USDT,TRADING
JUVBTC,JUV,BTC,TRADING
JUVBUSD,JUV,BUSD,TRADING
JUVUSDT,JUV,USDT,TRADING
PSGBTC,PSG,BTC,TRADING
PSGBUSD,PSG,BUSD,TRADING
PSGUSDT,PSG,USDT,TRADING
BUSDBVND,BUSD,BVND,BREAK
USDTBVND,USDT,BVND,BREAK
1INCHBTC,1INCH,BTC,TRADING
1INCHUSDT,1INCH,USDT,TRADING
REEFBTC,REEF,BTC,BREAK
REEFUSDT,REEF,USDT,TRADING
OGBTC,OG,BTC,TRADING
OGUSDT,OG,USDT,TRADING
ATMBTC,ATM,BTC,TRADING
ATMUSDT,ATM,USDT,TRADING
ASRBTC,ASR,BTC,TRADING
ASRUSDT,ASR,USDT,TRADING
CELOBTC,CELO,BTC,TRADING
CELOUSDT,CELO,USDT,TRADING
RIFBTC,RIF,BTC,TRADING
RIFUSDT,RIF,USDT,TRADING
CHZTRY,CHZ,TRY,TRADING
XLMTRY,XLM,TRY,TRADING
LINKGBP,LINK,GBP,TRADING
GRTEUR,GRT,EUR,TRADING
BTCSTBTC,BTCST,BTC,BREAK
BTCSTBUSD,BTCST,BUSD,BREAK
BTCSTUSDT,BTCST,USDT,BREAK
TRUBTC,TRU,BTC,TRADING
TRUBUSD,TRU,BUSD,BREAK
TRUUSDT,TRU,USDT,TRADING
DEXEETH,DEXE,ETH,TRADING
DEXEBUSD,DEXE,BUSD,TRADING
EOSEUR,EOS,EUR,TRADING
LTCBRL,LTC,BRL,TRADING
USDCBUSD,USDC,BUSD,BREAK
TUSDBUSD,TUSD,BUSD,BREAK
PAXBUSD,PAX,BUSD,BREAK
CKBBTC,CKB,BTC,BREAK
CKBBUSD,CKB,BUSD,TRADING
CKBUSDT,CKB,USDT,TRADING
TWTBTC,TWT,BTC,TRADING
TWTBUSD,TWT,BUSD,TRADING
TWTUSDT,TWT,USDT,TRADING
FIROBTC,FIRO,BTC,TRADING
FIROETH,FIRO,ETH,BREAK
FIROUSDT,FIRO,USDT,TRADING
BETHETH,BETH,ETH,TRADING
DOGEEUR,DOGE,EUR,TRADING
DOGETRY,DOGE,TRY,TRADING
DOGEAUD,DOGE,AUD,TRADING
DOGEBRL,DOGE,BRL,TRADING
DOTNGN,DOT,NGN,BREAK
PROSETH,PROS,ETH,TRADING
LITBTC,LIT,BTC,TRADING
LITBUSD,LIT,BUSD,TRADING
LITUSDT,LIT,USDT,TRADING
BTCVAI,BTC,VAI,BREAK
BUSDVAI,BUSD,VAI,TRADING
SFPBTC,SFP,BTC,TRADING
SFPBUSD,SFP,BUSD,TRADING
SFPUSDT,SFP,USDT,TRADING
DOGEGBP,DOGE,GBP,TRADING
DOTTRY,DOT,TRY,TRADING
FXSBTC,FXS,BTC,TRADING
FXSBUSD,FXS,BUSD,TRADING
DODOBTC,DODO,BTC,TRADING
DODOBUSD,DODO,BUSD,TRADING
DODOUSDT,DODO,USDT,TRADING
FRONTBTC,FRONT,BTC,TRADING
EASYBTC,EASY,BTC,BREAK
CAKEBTC,CAKE,BTC,TRADING
CAKEUSDT,CAKE,USDT,TRADING
BAKEBUSD,BAKE,BUSD,TRADING
UFTETH,UFT,ETH,TRADING
UFTBUSD,UFT,BUSD,TRADING
1INCHBUSD,1INCH,BUSD,TRADING
BANDBUSD,BAND,BUSD,TRADING
GRTBUSD,GRT,BUSD,TRADING
IOSTBUSD,IOST,BUSD,TRADING
OMGBUSD,OMG,BUSD,TRADING
REEFBUSD,REEF,BUSD,TRADING
ACMBTC,ACM,BTC,TRADING
ACMBUSD,ACM,BUSD,TRADING
ACMUSDT,ACM,USDT,TRADING
AUCTIONBTC,AUCTION,BTC,TRADING
AUCTIONBUSD,AUCTION,BUSD,TRADING
PHABTC,PHA,BTC,TRADING
PHABUSD,PHA,BUSD,TRADING
DOTGBP,DOT,GBP,TRADING
ADATRY,ADA,TRY,TRADING
ADABRL,ADA,BRL,TRADING
ADAGBP,ADA,GBP,TRADING
TVKBTC,TVK,BTC,TRADING
TVKBUSD,TVK,BUSD,TRADING
BADGERBTC,BADGER,BTC,TRADING
BADGERBUSD,BADGER,BUSD,TRADING
BADGERUSDT,BADGER,USDT,TRADING
FISBTC,FIS,BTC,TRADING
FISBUSD,FIS,BUSD,TRADING
FISUSDT,FIS,USDT,TRADING
DOTBRL,DOT,BRL,TRADING
ADAAUD,ADA,AUD,TRADING
HOTTRY,HOT,TRY,TRADING
EGLDEUR,EGLD,EUR,TRADING
OMBTC,OM,BTC,TRADING
OMBUSD,OM,BUSD,TRADING
OMUSDT,OM,USDT,TRADING
PONDBTC,POND,BTC,TRADING
PONDBUSD,POND,BUSD,TRADING
PONDUSDT,POND,USDT,TRADING
DEGOBTC,DEGO,BTC,TRADING
DEGOBUSD,DEGO,BUSD,TRADING
DEGOUSDT,DEGO,USDT,TRADING
AVAXEUR,AVAX,EUR,TRADING
BTTTRY,BTT,TRY,BREAK
CHZBRL,CHZ,BRL,TRADING
UNIEUR,UNI,EUR,TRADING
ALICEBTC,ALICE,BTC,TRADING
ALICEBUSD,ALICE,BUSD,TRADING
ALICEUSDT,ALICE,USDT,TRADING
CHZBUSD,CHZ,BUSD,TRADING
CHZEUR,CHZ,EUR,TRADING
CHZGBP,CHZ,GBP,TRADING
BIFIBNB,BIFI,BNB,BREAK
BIFIBUSD,BIFI,BUSD,TRADING
LINABTC,LINA,BTC,TRADING
LINABUSD,LINA,BUSD,TRADING
LINAUSDT,LINA,USDT,TRADING
ADARUB,ADA,RUB,TRADING
ENJBRL,ENJ,BRL,TRADING
ENJEUR,ENJ,EUR,TRADING
MATICEUR,MATIC,EUR,TRADING
NEOTRY,NEO,TRY,TRADING
PERPBTC,PERP,BTC,TRADING
PERPBUSD,PERP,BUSD,TRADING
PERPUSDT,PERP,USDT,TRADING
RAMPBTC,RAMP,BTC,BREAK
RAMPBUSD,RAMP,BUSD,BREAK
RAMPUSDT,RAMP,USDT,BREAK
SUPERBTC,SUPER,BTC,TRADING
SUPERBUSD,SUPER,BUSD,TRADING
SUPERUSDT,SUPER,USDT,TRADING
CFXBTC,CFX,BTC,TRADING
CFXBUSD,CFX,BUSD,TRADING
CFXUSDT,CFX,USDT,TRADING
ENJGBP,ENJ,GBP,TRADING
EOSTRY,EOS,TRY,TRADING
LTCGBP,LTC,GBP,TRADING
LUNAEUR,LUNA,EUR,BREAK
RVNTRY,RVN,TRY,TRADING
THETAEUR,THETA,EUR,TRADING
XVGBUSD,XVG,BUSD,TRADING
EPSBTC,EPS,BTC,BREAK
EPSBUSD,EPS,BUSD,BREAK
EPSUSDT,EPS,USDT,BREAK
AUTOBTC,AUTO,BTC,TRADING
AUTOBUSD,AUTO,BUSD,TRADING
AUTOUSDT,AUTO,USDT,TRADING
TKOBTC,TKO,BTC,TRADING
TKOBIDR,TKO,BIDR,TRADING
TKOBUSD,TKO,BUSD,TRADING
TKOUSDT,TKO,USDT,TRADING
PUNDIXETH,PUNDIX,ETH,TRADING
PUNDIXUSDT,PUNDIX,USDT,TRADING
BTTBRL,BTT,BRL,BREAK
BTTEUR,BTT,EUR,BREAK
HOTEUR,HOT,EUR,TRADING
WINEUR,WIN,EUR,TRADING
TLMBTC,TLM,BTC,TRADING
TLMBUSD,TLM,BUSD,TRADING
TLMUSDT,TLM,USDT,TRADING
1INCHUPUSDT,1INCHUP,USDT,BREAK
1INCHDOWNUSDT,1INCHDOWN,USDT,BREAK
BTGBUSD,BTG,BUSD,BREAK
BTGUSDT,BTG,USDT,BREAK
HOTBUSD,HOT,BUSD,TRADING
BNBUAH,BNB,UAH,TRADING
ONTTRY,ONT,TRY,TRADING
VETEUR,VET,EUR,TRADING
VETGBP,VET,GBP,TRADING
WINBRL,WIN,BRL,TRADING
MIRBTC,MIR,BTC,BREAK
MIRBUSD,MIR,BUSD,TRADING
MIRUSDT,MIR,USDT,BREAK
BARBTC,BAR,BTC,TRADING
BARBUSD,BAR,BUSD,TRADING
BARUSDT,BAR,USDT,TRADING
FORTHBTC,FORTH,BTC,TRADING
FORTHBUSD,FORTH,BUSD,TRADING
FORTHUSDT,FORTH,USDT,TRADING
CAKEGBP,CAKE,GBP,TRADING
DOGERUB,DOGE,RUB,TRADING
HOTBRL,HOT,BRL,BREAK
WRXEUR,WRX,EUR,BREAK
EZBTC,EZ,BTC,BREAK
EZETH,EZ,ETH,BREAK
BAKEUSDT,BAKE,USDT,TRADING
BURGERBUSD,BURGER,BUSD,TRADING
BURGERUSDT,BURGER,USDT,TRADING
SLPBUSD,SLP,BUSD,TRADING
SLPUSDT,SLP,USDT,TRADING
TRXAUD,TRX,AUD,BREAK
TRXEUR,TRX,EUR,TRADING
VETTRY,VET,TRY,TRADING
SHIBUSDT,SHIB,USDT,TRADING
SHIBBUSD,SHIB,BUSD,TRADING
ICPBTC,ICP,BTC,TRADING
ICPBNB,ICP,BNB,TRADING
ICPBUSD,ICP,BUSD,TRADING
ICPUSDT,ICP,USDT,TRADING
SHIBEUR,SHIB,EUR,TRADING
SHIBRUB,SHIB,RUB,BREAK
ETCEUR,ETC,EUR,TRADING
ETCBRL,ETC,BRL,BREAK
DOGEBIDR,DOGE,BIDR,TRADING
ARBTC,AR,BTC,TRADING
ARBNB,AR,BNB,TRADING
ARBUSD,AR,BUSD,TRADING
ARUSDT,AR,USDT,TRADING
POLSBTC,POLS,BTC,TRADING
POLSBNB,POLS,BNB,TRADING
POLSBUSD,POLS,BUSD,TRADING
POLSUSDT,POLS,USDT,TRADING
MDXBTC,MDX,BTC,TRADING
MDXBNB,MDX,BNB,BREAK
MDXBUSD,MDX,BUSD,TRADING
MDXUSDT,MDX,USDT,TRADING
MASKBNB,MASK,BNB,TRADING
MASKBUSD,MASK,BUSD,TRADING
MASKUSDT,MASK,USDT,TRADING
LPTBTC,LPT,BTC,TRADING
LPTBNB,LPT,BNB,TRADING
LPTBUSD,LPT,BUSD,TRADING
LPTUSDT,LPT,USDT,TRADING
ETHUAH,ETH,UAH,TRADING
MATICBRL,MATIC,BRL,TRADING
SOLEUR,SOL,EUR,TRADING
SHIBBRL,SHIB,BRL,TRADING
AGIXBTC,AGIX,BTC,TRADING
ICPEUR,ICP,EUR,TRADING
MATICGBP,MATIC,GBP,TRADING
SHIBTRY,SHIB,TRY,TRADING
MATICBIDR,MATIC,BIDR,TRADING
MATICRUB,MATIC,RUB,TRADING
NUBTC,NU,BTC,BREAK
NUBNB,NU,BNB,BREAK
NUBUSD,NU,BUSD,BREAK
NUUSDT,NU,USDT,BREAK
XVGUSDT,XVG,USDT,TRADING
RLCBUSD,RLC,BUSD,BREAK
CELRBUSD,CELR,BUSD,TRADING
ATMBUSD,ATM,BUSD,TRADING
ZENBUSD,ZEN,BUSD,TRADING
FTMBUSD,FTM,BUSD,TRADING
THETABUSD,THETA,BUSD,TRADING
WINBUSD,WIN,BUSD,TRADING
KAVABUSD,KAVA,BUSD,TRADING
XEMBUSD,XEM,BUSD,BREAK
ATABTC,ATA,BTC,TRADING
ATABNB,ATA,BNB,BREAK
ATABUSD,ATA,BUSD,TRADING
ATAUSDT,ATA,USDT,TRADING
GTCBTC,GTC,BTC,TRADING
GTCBNB,GTC,BNB,BREAK
GTCBUSD,GTC,BUSD,TRADING
GTCUSDT,GTC,USDT,TRADING
TORNBTC,TORN,BTC,BREAK
TORNBNB,TORN,BNB,BREAK
TORNBUSD,TORN,BUSD,TRADING
TORNUSDT,TORN,USDT,BREAK
MATICTRY,MATIC,TRY,TRADING
ETCGBP,ETC,GBP,BREAK
SOLGBP,SOL,GBP,TRADING
BAKEBTC,BAKE,BTC,TRADING
COTIBUSD,COTI,BUSD,TRADING
KEEPBTC,KEEP,BTC,BREAK
KEEPBNB,KEEP,BNB,BREAK
KEEPBUSD,KEEP,BUSD,BREAK
KEEPUSDT,KEEP,USDT,BREAK
SOLTRY,SOL,TRY,TRADING
RUNEGBP,RUNE,GBP,TRADING
SOLBRL,SOL,BRL,TRADING
SCBUSD,SC,BUSD,TRADING
CHRBUSD,CHR,BUSD,TRADING
STMXBUSD,STMX,BUSD,TRADING
HNTBUSD,HNT,BUSD,TRADING
FTTBUSD,FTT,BUSD,TRADING
DOCKBUSD,DOCK,BUSD,TRADING
ADABIDR,ADA,BIDR,TRADING
ERNBNB,ERN,BNB,TRADING
ERNBUSD,ERN,BUSD,TRADING
ERNUSDT,ERN,USDT,TRADING
KLAYBTC,KLAY,BTC,TRADING
KLAYBNB,KLAY,BNB,TRADING
KLAYBUSD,KLAY,BUSD,TRADING
KLAYUSDT,KLAY,USDT,TRADING
RUNEEUR,RUNE,EUR,TRADING
MATICAUD,MATIC,AUD,TRADING
DOTRUB,DOT,RUB,TRADING
UTKBUSD,UTK,BUSD,TRADING
IOTXBUSD,IOTX,BUSD,TRADING
PHAUSDT,PHA,USDT,TRADING
SOLRUB,SOL,RUB,TRADING
RUNEAUD,RUNE,AUD,BREAK
BUSDUAH,BUSD,UAH,TRADING
BONDBTC,BOND,BTC,TRADING
BONDBNB,BOND,BNB,BREAK
BONDBUSD,BOND,BUSD,TRADING
BONDUSDT,BOND,USDT,TRADING
MLNBTC,MLN,BTC,TRADING
MLNBNB,MLN,BNB,BREAK
MLNBUSD,MLN,BUSD,TRADING
MLNUSDT,MLN,USDT,TRADING
GRTTRY,GRT,TRY,TRADING
CAKEBRL,CAKE,BRL,BREAK
ICPRUB,ICP,RUB,BREAK
DOTAUD,DOT,AUD,TRADING
AAVEBRL,AAVE,BRL,BREAK
EOSAUD,EOS,AUD,BREAK
DEXEUSDT,DEXE,USDT,TRADING
LTOBUSD,LTO,BUSD,TRADING
ADXBUSD,ADX,BUSD,TRADING
QUICKBTC,QUICK,BTC,TRADING
QUICKBNB,QUICK,BNB,BREAK
QUICKBUSD,QUICK,BUSD,TRADING
C98USDT,C98,USDT,TRADING
C98BUSD,C98,BUSD,TRADING
C98BNB,C98,BNB,TRADING
C98BTC,C98,BTC,TRADING
CLVBTC,CLV,BTC,TRADING
CLVBNB,CLV,BNB,TRADING
CLVBUSD,CLV,BUSD,TRADING
CLVUSDT,CLV,USDT,TRADING
QNTBTC,QNT,BTC,TRADING
QNTBNB,QNT,BNB,TRADING
QNTBUSD,QNT,BUSD,TRADING
QNTUSDT,QNT,USDT,TRADING
FLOWBTC,FLOW,BTC,TRADING
FLOWBNB,FLOW,BNB,TRADING
FLOWBUSD,FLOW,BUSD,TRADING
FLOWUSDT,FLOW,USDT,TRADING
XECBUSD,XEC,BUSD,TRADING
AXSBRL,AXS,BRL,TRADING
AXSAUD,AXS,AUD,TRADING
TVKUSDT,TVK,USDT,TRADING
MINABTC,MINA,BTC,TRADING
MINABNB,MINA,BNB,TRADING
MINABUSD,MINA,BUSD,TRADING
MINAUSDT,MINA,USDT,TRADING
RAYBNB,RAY,BNB,TRADING
RAYBUSD,RAY,BUSD,TRADING
RAYUSDT,RAY,USDT,TRADING
FARMBTC,FARM,BTC,TRADING
FARMBNB,FARM,BNB,BREAK
FARMBUSD,FARM,BUSD,TRADING
FARMUSDT,FARM,USDT,TRADING
ALPACABTC,ALPACA,BTC,TRADING
ALPACABNB,ALPACA,BNB,BREAK
ALPACABUSD,ALPACA,BUSD,TRADING
ALPACAUSDT,ALPACA,USDT,TRADING
TLMTRY,TLM,TRY,TRADING
QUICKUSDT,QUICK,USDT,TRADING
ORNBUSD,ORN,BUSD,TRADING
MBOXBTC,MBOX,BTC,TRADING
MBOXBNB,MBOX,BNB,TRADING
MBOXBUSD,MBOX,BUSD,TRADING
MBOXUSDT,MBOX,USDT,TRADING
VGXBTC,VGX,BTC,BREAK
VGXETH,VGX,ETH,BREAK
FORUSDT,FOR,USDT,TRADING
REQUSDT,REQ,USDT,TRADING
GHSTUSDT,GHST,USDT,TRADING
TRURUB,TRU,RUB,TRADING
FISBRL,FIS,BRL,TRADING
WAXPUSDT,WAXP,USDT,TRADING
WAXPBUSD,WAXP,BUSD,TRADING
WAXPBNB,WAXP,BNB,TRADING
WAXPBTC,WAXP,BTC,TRADING
TRIBEBTC,TRIBE,BTC,BREAK
TRIBEBNB,TRIBE,BNB,BREAK
TRIBEBUSD,TRIBE,BUSD,BREAK
TRIBEUSDT,TRIBE,USDT,BREAK
GNOUSDT,GNO,USDT,TRADING
GNOBUSD,GNO,BUSD,BREAK
GNOBNB,GNO,BNB,BREAK
GNOBTC,GNO,BTC,BREAK
ARPATRY,ARPA,TRY,TRADING
PROMBTC,PROM,BTC,TRADING
MTLBUSD,MTL,BUSD,TRADING
OGNBUSD,OGN,BUSD,TRADING
XECUSDT,XEC,USDT,TRADING
C98BRL,C98,BRL,TRADING
SOLAUD,SOL,AUD,TRADING
XRPBIDR,XRP,BIDR,TRADING
POLYBUSD,POLY,BUSD,BREAK
ELFUSDT,ELF,USDT,TRADING
DYDXUSDT,DYDX,USDT,TRADING
DYDXBUSD,DYDX,BUSD,TRADING
DYDXBNB,DYDX,BNB,TRADING
DYDXBTC,DYDX,BTC,TRADING
ELFBUSD,ELF,BUSD,TRADING
POLYUSDT,POLY,USDT,BREAK
IDEXUSDT,IDEX,USDT,TRADING
VIDTUSDT,VIDT,USDT,TRADING
SOLBIDR,SOL,BIDR,TRADING
AXSBIDR,AXS,BIDR,TRADING
BTCUSDP,BTC,USDP,BREAK
ETHUSDP,ETH,USDP,BREAK
BNBUSDP,BNB,USDP,BREAK
USDPBUSD,USDP,BUSD,BREAK
USDPUSDT,USDP,USDT,BREAK
GALAUSDT,GALA,USDT,TRADING
GALABUSD,GALA,BUSD,TRADING
GALABNB,GALA,BNB,TRADING
GALABTC,GALA,BTC,TRADING
FTMBIDR,FTM,BIDR,TRADING
ALGOBIDR,ALGO,BIDR,BREAK
CAKEAUD,CAKE,AUD,BREAK
KSMAUD,KSM,AUD,BREAK
WAVESRUB,WAVES,RUB,BREAK
SUNBUSD,SUN,BUSD,TRADING
ILVUSDT,ILV,USDT,TRADING
ILVBUSD,ILV,BUSD,TRADING
ILVBNB,ILV,BNB,TRADING
ILVBTC,ILV,BTC,TRADING
RENBUSD,REN,BUSD,TRADING
YGGUSDT,YGG,USDT,TRADING
YGGBUSD,YGG,BUSD,TRADING
YGGBNB,YGG,BNB,TRADING
YGGBTC,YGG,BTC,TRADING
STXBUSD,STX,BUSD,TRADING
SYSUSDT,SYS,USDT,TRADING
DFUSDT,DF,USDT,TRADING
SOLUSDC,SOL,USDC,BREAK
ARPARUB,ARPA,RUB,TRADING
LTCUAH,LTC,UAH,TRADING
FETBUSD,FET,BUSD,TRADING
ARPABUSD,ARPA,BUSD,TRADING
LSKBUSD,LSK,BUSD,TRADING
AVAXBIDR,AVAX,BIDR,BREAK
ALICEBIDR,ALICE,BIDR,BREAK
FIDAUSDT,FIDA,USDT,TRADING
FIDABUSD,FIDA,BUSD,TRADING
FIDABNB,FIDA,BNB,BREAK
FIDABTC,FIDA,BTC,TRADING
DENTBUSD,DENT,BUSD,TRADING
FRONTUSDT,FRONT,USDT,TRADING
CVPUSDT,CVP,USDT,TRADING
AGLDBTC,AGLD,BTC,TRADING
AGLDBNB,AGLD,BNB,BREAK
AGLDBUSD,AGLD,BUSD,TRADING
AGLDUSDT,AGLD,USDT,TRADING
RADBTC,RAD,BTC,TRADING
RADBNB,RAD,BNB,TRADING
RADBUSD,RAD,BUSD,TRADING
RADUSDT,RAD,USDT,TRADING
UNIAUD,UNI,AUD,BREAK
HIVEBUSD,HIVE,BUSD,TRADING
STPTBUSD,STPT,BUSD,TRADING
BETABTC,BETA,BTC,TRADING
BETABNB,BETA,BNB,TRADING
BETABUSD,BETA,BUSD,TRADING
BETAUSDT,BETA,USDT,TRADING
SHIBAUD,SHIB,AUD,TRADING
RAREBTC,RARE,BTC,TRADING
RAREBNB,RARE,BNB,BREAK
RAREBUSD,RARE,BUSD,TRADING
RAREUSDT,RARE,USDT,TRADING
AVAXBRL,AVAX,BRL,TRADING
AVAXAUD,AVAX,AUD,TRADING
LUNAAUD,LUNA,AUD,BREAK
TROYBUSD,TROY,BUSD,TRADING
AXSETH,AXS,ETH,TRADING
FTMETH,FTM,ETH,TRADING
SOLETH,SOL,ETH,TRADING
SSVBTC,SSV,BTC,TRADING
SSVETH,SSV,ETH,TRADING
LAZIOTRY,LAZIO,TRY,TRADING
LAZIOEUR,LAZIO,EUR,TRADING
LAZIOBTC,LAZIO,BTC,TRADING
LAZIOUSDT,LAZIO,USDT,TRADING
CHESSBTC,CHESS,BTC,TRADING
CHESSBNB,CHESS,BNB,BREAK
CHESSBUSD,CHESS,BUSD,TRADING
CHESSUSDT,CHESS,USDT,TRADING
FTMAUD,FTM,AUD,TRADING
FTMBRL,FTM,BRL,TRADING
SCRTBUSD,SCRT,BUSD,TRADING
ADXUSDT,ADX,USDT,TRADING
AUCTIONUSDT,AUCTION,USDT,TRADING
CELOBUSD,CELO,BUSD,TRADING
FTMRUB,FTM,RUB,TRADING
NUAUD,NU,AUD,BREAK
NURUB,NU,RUB,BREAK
REEFTRY,REEF,TRY,TRADING
REEFBIDR,REEF,BIDR,BREAK
SHIBDOGE,SHIB,DOGE,TRADING
DARUSDT,DAR,USDT,TRADING
DARBUSD,DAR,BUSD,TRADING
DARBNB,DAR,BNB,TRADING
DARBTC,DAR,BTC,TRADING
BNXBTC,BNX,BTC,TRADING
BNXBNB,BNX,BNB,TRADING
BNXBUSD,BNX,BUSD,TRADING
BNXUSDT,BNX,USDT,TRADING
RGTUSDT,RGT,USDT,BREAK
RGTBTC,RGT,BTC,BREAK
RGTBUSD,RGT,BUSD,BREAK
RGTBNB,RGT,BNB,BREAK
LAZIOBUSD,LAZIO,BUSD,TRADING
OXTBUSD,OXT,BUSD,TRADING
MANATRY,MANA,TRY,TRADING
ALGORUB,ALGO,RUB,TRADING
SHIBUAH,SHIB,UAH,BREAK
LUNABIDR,LUNA,BIDR,BREAK
AUDUSDC,AUD,USDC,BREAK
MOVRBTC,MOVR,BTC,TRADING
MOVRBNB,MOVR,BNB,BREAK
MOVRBUSD,MOVR,BUSD,TRADING
MOVRUSDT,MOVR,USDT,TRADING
CITYBTC,CITY,BTC,TRADING
CITYBNB,CITY,BNB,TRADING
CITYBUSD,CITY,BUSD,TRADING
CITYUSDT,CITY,USDT,TRADING
ENSBTC,ENS,BTC,TRADING
ENSBNB,ENS,BNB,TRADING
ENSBUSD,ENS,BUSD,TRADING
ENSUSDT,ENS,USDT,TRADING
SANDETH,SAND,ETH,TRADING
DOTETH,DOT,ETH,TRADING
MATICETH,MATIC,ETH,TRADING
ANKRBUSD,ANKR,BUSD,TRADING
SANDTRY,SAND,TRY,TRADING
MANABRL,MANA,BRL,TRADING
KP3RUSDT,KP3R,USDT,TRADING
QIUSDT,QI,USDT,TRADING
QIBUSD,QI,BUSD,TRADING
QIBNB,QI,BNB,BREAK
QIBTC,QI,BTC,TRADING
PORTOBTC,PORTO,BTC,TRADING
PORTOUSDT,PORTO,USDT,TRADING
PORTOTRY,PORTO,TRY,TRADING
PORTOEUR,PORTO,EUR,TRADING
POWRUSDT,POWR,USDT,TRADING
POWRBUSD,POWR,BUSD,TRADING
AVAXETH,AVAX,ETH,TRADING
SLPTRY,SLP,TRY,TRADING
FISTRY,FIS,TRY,BREAK
LRCTRY,LRC,TRY,TRADING
CHRETH,CHR,ETH,TRADING
FISBIDR,FIS,BIDR,BREAK
VGXUSDT,VGX,USDT,TRADING
GALAETH,GALA,ETH,TRADING
JASMYUSDT,JASMY,USDT,TRADING
JASMYBUSD,JASMY,BUSD,TRADING
JASMYBNB,JASMY,BNB,TRADING
JASMYBTC,JASMY,BTC,TRADING
AMPBTC,AMP,BTC,TRADING
AMPBNB,AMP,BNB,BREAK
AMPBUSD,AMP,BUSD,TRADING
AMPUSDT,AMP,USDT,TRADING
PLABTC,PLA,BTC,TRADING
PLABNB,PLA,BNB,TRADING
PLABUSD,PLA,BUSD,TRADING
PLAUSDT,PLA,USDT,TRADING
PYRBTC,PYR,BTC,TRADING
PYRBUSD,PYR,BUSD,TRADING
PYRUSDT,PYR,USDT,TRADING
RNDRBTC,RNDR,BTC,TRADING
RNDRUSDT,RNDR,USDT,TRADING
RNDRBUSD,RNDR,BUSD,TRADING
ALCXBTC,ALCX,BTC,TRADING
ALCXBUSD,ALCX,BUSD,TRADING
ALCXUSDT,ALCX,USDT,TRADING
SANTOSBTC,SANTOS,BTC,TRADING
SANTOSUSDT,SANTOS,USDT,TRADING
SANTOSBRL,SANTOS,BRL,TRADING
SANTOSTRY,SANTOS,TRY,TRADING
MCBTC,MC,BTC,TRADING
MCBUSD,MC,BUSD,TRADING
MCUSDT,MC,USDT,TRADING
BELTRY,BEL,TRY,TRADING
COCOSBUSD,COCOS,BUSD,TRADING
DENTTRY,DENT,TRY,TRADING
ENJTRY,ENJ,TRY,TRADING
NEORUB,NEO,RUB,TRADING
SANDAUD,SAND,AUD,TRADING
SLPBIDR,SLP,BIDR,TRADING
ANYBTC,ANY,BTC,BREAK
ANYBUSD,ANY,BUSD,BREAK
ANYUSDT,ANY,USDT,BREAK
BICOBTC,BICO,BTC,TRADING
BICOBUSD,BICO,BUSD,TRADING
BICOUSDT,BICO,USDT,TRADING
FLUXBTC,FLUX,BTC,TRADING
FLUXBUSD,FLUX,BUSD,TRADING
FLUXUSDT,FLUX,USDT,TRADING
ALICETRY,ALICE,TRY,TRADING
FXSUSDT,FXS,USDT,TRADING
GALABRL,GALA,BRL,TRADING
GALATRY,GALA,TRY,TRADING
LUNATRY,LUNA,TRY,TRADING
REQBUSD,REQ,BUSD,TRADING
SANDBRL,SAND,BRL,TRADING
MANABIDR,MANA,BIDR,BREAK
SANDBIDR,SAND,BIDR,TRADING
VOXELBTC,VOXEL,BTC,TRADING
VOXELBNB,VOXEL,BNB,TRADING
VOXELBUSD,VOXEL,BUSD,TRADING
VOXELUSDT,VOXEL,USDT,TRADING
COSBUSD,COS,BUSD,TRADING
CTXCBUSD,CTXC,BUSD,TRADING
FTMTRY,FTM,TRY,TRADING
MANABNB,MANA,BNB,BREAK
MINATRY,MINA,TRY,TRADING
XTZTRY,XTZ,TRY,TRADING
HIGHBTC,HIGH,BTC,TRADING
HIGHBUSD,HIGH,BUSD,TRADING
HIGHUSDT,HIGH,USDT,TRADING
CVXBTC,CVX,BTC,TRADING
CVXBUSD,CVX,BUSD,TRADING
CVXUSDT,CVX,USDT,TRADING
PEOPLEBTC,PEOPLE,BTC,TRADING
PEOPLEBUSD,PEOPLE,BUSD,TRADING
PEOPLEUSDT,PEOPLE,USDT,TRADING
OOKIBUSD,OOKI,BUSD,TRADING
OOKIUSDT,OOKI,USDT,TRADING
COCOSTRY,COCOS,TRY,TRADING
GXSBNB,GXS,BNB,BREAK
LINKBNB,LINK,BNB,TRADING
LUNAETH,LUNA,ETH,BREAK
MDTBUSD,MDT,BUSD,TRADING
NULSBUSD,NULS,BUSD,TRADING
SPELLBTC,SPELL,BTC,BREAK
SPELLUSDT,SPELL,USDT,TRADING
SPELLBUSD,SPELL,BUSD,TRADING
USTBTC,UST,BTC,BREAK
USTBUSD,UST,BUSD,BREAK
USTUSDT,UST,USDT,BREAK
JOEBTC,JOE,BTC,TRADING
JOEBUSD,JOE,BUSD,TRADING
JOEUSDT,JOE,USDT,TRADING
ATOMETH,ATOM,ETH,TRADING
DUSKBUSD,DUSK,BUSD,TRADING
EGLDETH,EGLD,ETH,TRADING
ICPETH,ICP,ETH,TRADING
LUNABRL,LUNA,BRL,BREAK
LUNAUST,LUNA,UST,BREAK
NEARETH,NEAR,ETH,TRADING
ROSEBNB,ROSE,BNB,BREAK
VOXELETH,VOXEL,ETH,BREAK
ALICEBNB,ALICE,BNB,TRADING
ATOMTRY,ATOM,TRY,TRADING
ETHUST,ETH,UST,BREAK
GALAAUD,GALA,AUD,TRADING
LRCBNB,LRC,BNB,TRADING
ONEETH,ONE,ETH,TRADING
OOKIBNB,OOKI,BNB,BREAK
ACHBTC,ACH,BTC,TRADING
ACHBUSD,ACH,BUSD,TRADING
ACHUSDT,ACH,USDT,TRADING
IMXBTC,IMX,BTC,TRADING
IMXBUSD,IMX,BUSD,TRADING
IMXUSDT,IMX,USDT,TRADING
GLMRBTC,GLMR,BTC,TRADING
GLMRBUSD,GLMR,BUSD,TRADING
GLMRUSDT,GLMR,USDT,TRADING
ATOMBIDR,ATOM,BIDR,BREAK
DYDXETH,DYDX,ETH,BREAK
FARMETH,FARM,ETH,BREAK
FORBNB,FOR,BNB,BREAK
ICPTRY,ICP,TRY,TRADING
JASMYETH,JASMY,ETH,TRADING
LINABNB,LINA,BNB,BREAK
OOKIETH,OOKI,ETH,TRADING
ROSEETH,ROSE,ETH,TRADING
UMABUSD,UMA,BUSD,TRADING
UNIETH,UNI,ETH,TRADING
XTZETH,XTZ,ETH,TRADING
LOKABTC,LOKA,BTC,TRADING
LOKABNB,LOKA,BNB,TRADING
LOKABUSD,LOKA,BUSD,TRADING
LOKAUSDT,LOKA,USDT,TRADING
ATOMBRL,ATOM,BRL,TRADING
BNBUST,BNB,UST,BREAK
CRVETH,CRV,ETH,TRADING
HIGHBNB,HIGH,BNB,TRADING
NEARRUB,NEAR,RUB,TRADING
ROSETRY,ROSE,TRY,TRADING
SCRTUSDT,SCRT,USDT,TRADING
API3BTC,API3,BTC,TRADING
API3BUSD,API3,BUSD,TRADING
API3USDT,API3,USDT,TRADING
BTTCUSDT,BTTC,USDT,TRADING
BTTCUSDC,BTTC,USDC,BREAK
BTTCTRY,BTTC,TRY,TRADING
ACABTC,ACA,BTC,TRADING
ACABUSD,ACA,BUSD,TRADING
ACAUSDT,ACA,USDT,TRADING
ANCBTC,ANC,BTC,BREAK
ANCBUSD,ANC,BUSD,TRADING
ANCUSDT,ANC,USDT,BREAK
BDOTDOT,BDOT,DOT,TRADING
XNOBTC,XNO,BTC,TRADING
XNOETH,XNO,ETH,TRADING
XNOBUSD,XNO,BUSD,TRADING
XNOUSDT,XNO,USDT,TRADING
COSTRY,COS,TRY,TRADING
KAVAETH,KAVA,ETH,TRADING
MCBNB,MC,BNB,TRADING
ONETRY,ONE,TRY,TRADING
WOOBTC,WOO,BTC,TRADING
WOOBNB,WOO,BNB,TRADING
WOOBUSD,WOO,BUSD,TRADING
WOOUSDT,WOO,USDT,TRADING
CELRETH,CELR,ETH,TRADING
PEOPLEBNB,PEOPLE,BNB,TRADING
SLPBNB,SLP,BNB,BREAK
SPELLBNB,SPELL,BNB,BREAK
SPELLTRY,SPELL,TRY,TRADING
TFUELBUSD,TFUEL,BUSD,TRADING
AXSTRY,AXS,TRY,TRADING
DARTRY,DAR,TRY,TRADING
NEARTRY,NEAR,TRY,TRADING
IDEXBNB,IDEX,BNB,TRADING
ALPINEEUR,ALPINE,EUR,TRADING
ALPINETRY,ALPINE,TRY,TRADING
ALPINEUSDT,ALPINE,USDT,TRADING
ALPINEBTC,ALPINE,BTC,TRADING
TUSDT,T,USDT,TRADING
TBUSD,T,BUSD,TRADING
API3BNB,API3,BNB,BREAK
BETAETH,BETA,ETH,TRADING
INJTRY,INJ,TRY,TRADING
TLMBNB,TLM,BNB,BREAK
ASTRBUSD,ASTR,BUSD,TRADING
ASTRUSDT,ASTR,USDT,TRADING
API3TRY,API3,TRY,TRADING
GLMRBNB,GLMR,BNB,TRADING
MBOXTRY,MBOX,TRY,TRADING
NBTBIDR,NBT,BIDR,TRADING
NBTUSDT,NBT,USDT,TRADING
GMTBTC,GMT,BTC,TRADING
GMTBNB,GMT,BNB,TRADING
GMTBUSD,GMT,BUSD,TRADING
GMTUSDT,GMT,USDT,TRADING
ANCBNB,ANC,BNB,BREAK
ATOMEUR,ATOM,EUR,TRADING
GALAEUR,GALA,EUR,TRADING
KSMETH,KSM,ETH,BREAK
UMATRY,UMA,TRY,TRADING
KDABTC,KDA,BTC,TRADING
KDABUSD,KDA,BUSD,TRADING
KDAUSDT,KDA,USDT,TRADING
APEUSDT,APE,USDT,TRADING
APEBUSD,APE,BUSD,TRADING
APEBTC,APE,BTC,TRADING
ALPINEBUSD,ALPINE,BUSD,TRADING
LUNAGBP,LUNA,GBP,BREAK
NEAREUR,NEAR,EUR,TRADING
TWTTRY,TWT,TRY,TRADING
WAVESEUR,WAVES,EUR,TRADING
APEEUR,APE,EUR,TRADING
APEGBP,APE,GBP,TRADING
APETRY,APE,TRY,TRADING
BSWUSDT,BSW,USDT,TRADING
BSWBUSD,BSW,BUSD,TRADING
BSWBNB,BSW,BNB,TRADING
APEBNB,APE,BNB,TRADING
GMTBRL,GMT,BRL,TRADING
GMTETH,GMT,ETH,TRADING
JASMYTRY,JASMY,TRY,TRADING
SANTOSBUSD,SANTOS,BUSD,TRADING
APEAUD,APE,AUD,TRADING
BIFIUSDT,BIFI,USDT,TRADING
GMTEUR,GMT,EUR,TRADING
IMXBNB,IMX,BNB,TRADING
RUNEETH,RUNE,ETH,TRADING
AVAXGBP,AVAX,GBP,TRADING
MULTIBTC,MULTI,BTC,TRADING
MULTIBUSD,MULTI,BUSD,TRADING
MULTIUSDT,MULTI,USDT,TRADING
APEETH,APE,ETH,TRADING
BSWETH,BSW,ETH,TRADING
FILTRY,FIL,TRY,TRADING
FTMEUR,FTM,EUR,TRADING
GMTGBP,GMT,GBP,TRADING
ZILTRY,ZIL,TRY,TRADING
GMTTRY,GMT,TRY,TRADING
WAVESTRY,WAVES,TRY,TRADING
BTCUST,BTC,UST,BREAK
ASTRBTC,ASTR,BTC,TRADING
ASTRETH,ASTR,ETH,TRADING
BSWTRY,BSW,TRY,TRADING
FTTETH,FTT,ETH,BREAK
FUNBNB,FUN,BNB,TRADING
PORTOBUSD,PORTO,BUSD,TRADING
STEEMUSDT,STEEM,USDT,TRADING
ZILEUR,ZIL,EUR,BREAK
APEBRL,APE,BRL,TRADING
AUDIOTRY,AUDIO,TRY,TRADING
BTTCBUSD,BTTC,BUSD,TRADING
GMTAUD,GMT,AUD,TRADING
MBLBUSD,MBL,BUSD,TRADING
MOBUSDT,MOB,USDT,TRADING
MOBBUSD,MOB,BUSD,TRADING
MOBBTC,MOB,BTC,TRADING
NEXOUSDT,NEXO,USDT,TRADING
NEXOBUSD,NEXO,BUSD,TRADING
NEXOBTC,NEXO,BTC,TRADING
REIUSDT,REI,USDT,TRADING
REIBNB,REI,BNB,TRADING
REIETH,REI,ETH,BREAK
GALUSDT,GAL,USDT,TRADING
GALBUSD,GAL,BUSD,TRADING
GALBNB,GAL,BNB,TRADING
GALBTC,GAL,BTC,TRADING
JASMYEUR,JASMY,EUR,TRADING
KNCBNB,KNC,BNB,TRADING
SHIBGBP,SHIB,GBP,TRADING
GALEUR,GAL,EUR,TRADING
GALTRY,GAL,TRY,TRADING
LDOBUSD,LDO,BUSD,TRADING
LDOUSDT,LDO,USDT,TRADING
LDOBTC,LDO,BTC,TRADING
ENSTRY,ENS,TRY,TRADING
DAREUR,DAR,EUR,TRADING
DARETH,DAR,ETH,TRADING
ALGOETH,ALGO,ETH,TRADING
ALGOTRY,ALGO,TRY,TRADING
GALETH,GAL,ETH,TRADING
EPXUSDT,EPX,USDT,TRADING
EPXBUSD,EPX,BUSD,TRADING
RUNETRY,RUNE,TRY,TRADING
GALBRL,GAL,BRL,TRADING
STEEMBUSD,STEEM,BUSD,TRADING
CVCBUSD,CVC,BUSD,TRADING
REIBUSD,REI,BUSD,TRADING
DREPBUSD,DREP,BUSD,TRADING
AKROBUSD,AKRO,BUSD,TRADING
PUNDIXBUSD,PUNDIX,BUSD,TRADING
LUNCBUSD,LUNC,BUSD,TRADING
USTCBUSD,USTC,BUSD,TRADING
OPBTC,OP,BTC,TRADING
OPBUSD,OP,BUSD,TRADING
OPUSDT,OP,USDT,TRADING
OGBUSD,OG,BUSD,TRADING
KEYBUSD,KEY,BUSD,TRADING
ASRBUSD,ASR,BUSD,TRADING
FIROBUSD,FIRO,BUSD,TRADING
NKNBUSD,NKN,BUSD,TRADING
OPBNB,OP,BNB,TRADING
OPEUR,OP,EUR,TRADING
GTOBUSD,GTO,BUSD,TRADING
SNXETH,SNX,ETH,TRADING
WBTCBUSD,WBTC,BUSD,TRADING
BELETH,BEL,ETH,TRADING
LITETH,LIT,ETH,TRADING
LEVERUSDT,LEVER,USDT,TRADING
LEVERBUSD,LEVER,BUSD,TRADING
BURGERETH,BURGER,ETH,TRADING
PEOPLEETH,PEOPLE,ETH,TRADING
UNFIETH,UNFI,ETH,TRADING
BONDETH,BOND,ETH,TRADING
STORJTRY,STORJ,TRY,TRADING
OPETH,OP,ETH,TRADING
ETCTRY,ETC,TRY,TRADING
WINGETH,WING,ETH,TRADING
FILETH,FIL,ETH,TRADING
GLMBUSD,GLM,BUSD,TRADING
SSVBUSD,SSV,BUSD,TRADING
STGBTC,STG,BTC,TRADING
STGBUSD,STG,BUSD,TRADING
STGUSDT,STG,USDT,TRADING
ANKRTRY,ANKR,TRY,TRADING
ARKBUSD,ARK,BUSD,TRADING
BETHBUSD,BETH,BUSD,TRADING
LOOMBUSD,LOOM,BUSD,TRADING
SNMBUSD,SNM,BUSD,TRADING
AMBBUSD,AMB,BUSD,TRADING
LUNCUSDT,LUNC,USDT,TRADING
PHBBUSD,PHB,BUSD,TRADING
GASBUSD,GAS,BUSD,TRADING
NEBLBUSD,NEBL,BUSD,TRADING
PROSBUSD,PROS,BUSD,TRADING
VIBBUSD,VIB,BUSD,TRADING
GMXBTC,GMX,BTC,TRADING
GMXBUSD,GMX,BUSD,TRADING
GMXUSDT,GMX,USDT,TRADING
AGIXBUSD,AGIX,BUSD,TRADING
NEBLUSDT,NEBL,USDT,TRADING
SNTBUSD,SNT,BUSD,TRADING
POLYXBTC,POLYX,BTC,TRADING
POLYXBUSD,POLYX,BUSD,TRADING
POLYXUSDT,POLYX,USDT,TRADING
APTBTC,APT,BTC,TRADING
APTUSDT,APT,USDT,TRADING
APTBUSD,APT,BUSD,TRADING
BTCPLN,BTC,PLN,TRADING
ETHPLN,ETH,PLN,TRADING
BUSDPLN,BUSD,PLN,TRADING
APTEUR,APT,EUR,TRADING
APTTRY,APT,TRY,TRADING
APTBRL,APT,BRL,TRADING
QKCBUSD,QKC,BUSD,TRADING
OSMOBTC,OSMO,BTC,TRADING
OSMOUSDT,OSMO,USDT,TRADING
OSMOBUSD,OSMO,BUSD,TRADING
HFTBTC,HFT,BTC,TRADING
HFTBUSD,HFT,BUSD,TRADING
HFTUSDT,HFT,USDT,TRADING
ARPAETH,ARPA,ETH,TRADING
PHBUSDT,PHB,USDT,TRADING
VITEBUSD,VITE,BUSD,TRADING
HOOKBTC,HOOK,BTC,TRADING
HOOKUSDT,HOOK,USDT,TRADING
HOOKBUSD,HOOK,BUSD,TRADING
HOOKBNB,HOOK,BNB,TRADING
MAGICBTC,MAGIC,BTC,TRADING
MAGICBUSD,MAGIC,BUSD,TRADING
MAGICUSDT,MAGIC,USDT,TRADING
BUSDRON,BUSD,RON,TRADING
