BTC,ETH,USDT
BTC,ETH,BUSD
BTC,ETH,RUB
BTC,ETH,TRY
BTC,ETH,EUR
BTC,ETH,ZAR
BTC,ETH,GBP
BTC,ETH,BIDR
BTC,ETH,AUD
BTC,ETH,DAI
BTC,ETH,BRL
BTC,ETH,UAH
BTC,ETH,PLN
BTC,LTC,USDT
BTC,LTC,BUSD
BTC,LTC,EUR
BTC,LTC,RUB
BTC,LTC,BRL
BTC,LTC,GBP
BTC,LTC,UAH
BTC,BNB,USDT
BTC,BNB,BUSD
BTC,BNB,RUB
BTC,BNB,TRY
BTC,BNB,EUR
BTC,BNB,GBP
BTC,BNB,BIDR
BTC,BNB,AUD
BTC,BNB,DAI
BTC,BNB,BRL
BTC,BNB,UAH
BTC,NEO,USDT
BTC,NEO,BUSD
BTC,NEO,TRY
BTC,NEO,RUB
ETH,QTUM,BTC
ETH,QTUM,USDT
ETH,QTUM,BUSD
ETH,EOS,BTC
ETH,EOS,USDT
ETH,EOS,BUSD
ETH,EOS,EUR
ETH,EOS,TRY
ETH,SNT,BTC
ETH,SNT,BUSD
ETH,BNT,BTC
ETH,BNT,USDT
ETH,BNT,BUSD
BTC,GAS,BUSD
ETH,BNB,BTC
ETH,BNB,USDT
ETH,BNB,BUSD
ETH,BNB,RUB
ETH,BNB,TRY
ETH,BNB,EUR
ETH,BNB,GBP
ETH,BNB,BIDR
ETH,BNB,AUD
ETH,BNB,DAI
ETH,BNB,BRL
ETH,BNB,UAH
USDT,BTC,RUB
USDT,BTC,TRY
USDT,BTC,UAH
USDT,BTC,BIDR
USDT,BTC,DAI
USDT,BTC,BRL
USDT,ETH,RUB
USDT,ETH,TRY
USDT,ETH,BIDR
USDT,ETH,DAI
USDT,ETH,BRL
USDT,ETH,UAH
BTC,WTC,USDT
BTC,LRC,BUSD
BTC,LRC,USDT
BTC,LRC,TRY
ETH,LRC,BTC
ETH,LRC,BUSD
ETH,LRC,USDT
ETH,LRC,TRY
BTC,QTUM,USDT
BTC,QTUM,BUSD
BTC,OMG,USDT
BTC,OMG,BUSD
ETH,OMG,BTC
ETH,OMG,USDT
ETH,OMG,BUSD
BTC,ZRX,USDT
BTC,ZRX,BUSD
ETH,ZRX,BTC
ETH,ZRX,USDT
ETH,ZRX,BUSD
BTC,KNC,BUSD
BTC,KNC,USDT
ETH,KNC,BTC
ETH,KNC,BUSD
ETH,KNC,USDT
ETH,FUN,USDT
BTC,SNM,BUSD
ETH,NEO,BTC
ETH,NEO,USDT
ETH,NEO,BUSD
ETH,NEO,TRY
ETH,NEO,RUB
BTC,IOTA,USDT
BTC,IOTA,BUSD
ETH,IOTA,BTC
ETH,IOTA,USDT
ETH,IOTA,BUSD
BTC,LINK,USDT
BTC,LINK,BUSD
BTC,LINK,AUD
BTC,LINK,TRY
BTC,LINK,EUR
BTC,LINK,BRL
BTC,LINK,GBP
ETH,LINK,BTC
ETH,LINK,USDT
ETH,LINK,BUSD
ETH,LINK,AUD
ETH,LINK,TRY
ETH,LINK,EUR
ETH,LINK,BRL
ETH,LINK,GBP
ETH,XVG,BUSD
ETH,XVG,USDT
BTC,MTL,USDT
BTC,MTL,BUSD
ETH,MTL,BTC
ETH,MTL,USDT
ETH,MTL,BUSD
BTC,EOS,USDT
BTC,EOS,BUSD
BTC,EOS,EUR
BTC,EOS,TRY
BTC,SNT,BUSD
ETH,ETC,BTC
ETH,ETC,USDT
ETH,ETC,BUSD
ETH,ETC,EUR
ETH,ETC,TRY
BTC,ETC,USDT
BTC,ETC,BUSD
BTC,ETC,EUR
BTC,ETC,TRY
BTC,ZEC,USDT
BTC,ZEC,BUSD
ETH,ZEC,BTC
ETH,ZEC,USDT
ETH,ZEC,BUSD
BTC,BNT,USDT
BTC,BNT,BUSD
BTC,DASH,USDT
BTC,DASH,BUSD
ETH,DASH,BTC
ETH,DASH,USDT
ETH,DASH,BUSD
BTC,REQ,USDT
BTC,REQ,BUSD
BTC,VIB,BUSD
ETH,VIB,BTC
ETH,VIB,BUSD
BTC,TRX,USDT
BTC,TRX,BUSD
BTC,TRX,TRY
BTC,TRX,EUR
ETH,TRX,BTC
ETH,TRX,USDT
ETH,TRX,BUSD
ETH,TRX,TRY
ETH,TRX,EUR
BTC,POWR,USDT
BTC,POWR,BUSD
ETH,POWR,BTC
ETH,POWR,USDT
ETH,POWR,BUSD
BTC,XRP,USDT
BTC,XRP,BUSD
BTC,XRP,RUB
BTC,XRP,TRY
BTC,XRP,EUR
BTC,XRP,GBP
BTC,XRP,AUD
BTC,XRP,BRL
BTC,XRP,BIDR
ETH,XRP,BTC
ETH,XRP,USDT
ETH,XRP,BUSD
ETH,XRP,RUB
ETH,XRP,TRY
ETH,XRP,EUR
ETH,XRP,GBP
ETH,XRP,AUD
ETH,XRP,BRL
ETH,XRP,BIDR
BTC,ENJ,USDT
BTC,ENJ,BUSD
BTC,ENJ,BRL
BTC,ENJ,EUR
BTC,ENJ,GBP
BTC,ENJ,TRY
ETH,ENJ,BTC
ETH,ENJ,USDT
ETH,ENJ,BUSD
ETH,ENJ,BRL
ETH,ENJ,EUR
ETH,ENJ,GBP
ETH,ENJ,TRY
BTC,STORJ,BUSD
BTC,STORJ,USDT
BTC,STORJ,TRY
USDT,BNB,RUB
USDT,BNB,TRY
USDT,BNB,BIDR
USDT,BNB,DAI
USDT,BNB,BRL
USDT,BNB,UAH
BTC,KMD,USDT
BTC,NULS,USDT
BTC,NULS,BUSD
BTC,XMR,USDT
BTC,XMR,BUSD
ETH,XMR,BTC
ETH,XMR,USDT
ETH,XMR,BUSD
BTC,AMB,BUSD
BTC,BAT,USDT
BTC,BAT,BUSD
ETH,BAT,BTC
ETH,BAT,USDT
ETH,BAT,BUSD
USDT,NEO,TRY
USDT,NEO,RUB
BNB,NEO,BTC
BNB,NEO,ETH
BNB,NEO,USDT
BNB,NEO,BUSD
BNB,NEO,TRY
BNB,NEO,RUB
BTC,BTS,USDT
BTC,LSK,USDT
BTC,LSK,BUSD
ETH,LSK,BTC
ETH,LSK,USDT
ETH,LSK,BUSD
BTC,MANA,BUSD
BTC,MANA,USDT
BTC,MANA,TRY
BTC,MANA,BRL
ETH,MANA,BTC
ETH,MANA,BUSD
ETH,MANA,USDT
ETH,MANA,TRY
ETH,MANA,BRL
BNB,IOTA,BTC
BNB,IOTA,ETH
BNB,IOTA,USDT
BNB,IOTA,BUSD
BTC,ADX,BUSD
BTC,ADX,USDT
ETH,ADX,BTC
ETH,ADX,BUSD
ETH,ADX,USDT
BTC,ADA,USDT
BTC,ADA,BUSD
BTC,ADA,EUR
BTC,ADA,TRY
BTC,ADA,BRL
BTC,ADA,GBP
BTC,ADA,AUD
BTC,ADA,RUB
BTC,ADA,BIDR
ETH,ADA,BTC
ETH,ADA,USDT
ETH,ADA,BUSD
ETH,ADA,EUR
ETH,ADA,TRY
ETH,ADA,BRL
ETH,ADA,GBP
ETH,ADA,AUD
ETH,ADA,RUB
ETH,ADA,BIDR
BTC,XLM,USDT
BTC,XLM,BUSD
BTC,XLM,EUR
BTC,XLM,TRY
ETH,XLM,BTC
ETH,XLM,USDT
ETH,XLM,BUSD
ETH,XLM,EUR
ETH,XLM,TRY
BNB,XLM,BTC
BNB,XLM,ETH
BNB,XLM,USDT
BNB,XLM,BUSD
BNB,XLM,EUR
BNB,XLM,TRY
ETH,LTC,BTC
ETH,LTC,USDT
ETH,LTC,BUSD
ETH,LTC,EUR
ETH,LTC,RUB
ETH,LTC,BRL
ETH,LTC,GBP
ETH,LTC,UAH
USDT,LTC,RUB
USDT,LTC,BRL
USDT,LTC,UAH
BNB,LTC,BTC
BNB,LTC,ETH
BNB,LTC,USDT
BNB,LTC,BUSD
BNB,LTC,EUR
BNB,LTC,RUB
BNB,LTC,BRL
BNB,LTC,GBP
BNB,LTC,UAH
BTC,WAVES,USDT
BTC,WAVES,BUSD
BTC,WAVES,EUR
BTC,WAVES,TRY
ETH,WAVES,BTC
ETH,WAVES,USDT
ETH,WAVES,BUSD
ETH,WAVES,EUR
ETH,WAVES,TRY
BNB,WAVES,BTC
BNB,WAVES,ETH
BNB,WAVES,USDT
BNB,WAVES,BUSD
BNB,WAVES,EUR
BNB,WAVES,TRY
BTC,ICX,USDT
BTC,ICX,BUSD
ETH,ICX,BTC
ETH,ICX,USDT
ETH,ICX,BUSD
BTC,ELF,USDT
BTC,ELF,BUSD
ETH,ELF,BTC
ETH,ELF,USDT
ETH,ELF,BUSD
BTC,AION,USDT
BTC,NEBL,BUSD
BTC,NEBL,USDT
BTC,RLC,USDT
ETH,RLC,BTC
ETH,RLC,USDT
BTC,IOST,USDT
BTC,IOST,BUSD
ETH,IOST,BTC
ETH,IOST,USDT
ETH,IOST,BUSD
BTC,STEEM,USDT
BTC,STEEM,BUSD
ETH,STEEM,BTC
ETH,STEEM,USDT
ETH,STEEM,BUSD
BTC,BLZ,BUSD
BTC,BLZ,USDT
ETH,BLZ,BTC
ETH,BLZ,BUSD
ETH,BLZ,USDT
BTC,ZIL,USDT
BTC,ZIL,BUSD
BTC,ZIL,BIDR
BTC,ZIL,TRY
ETH,ZIL,BTC
ETH,ZIL,USDT
ETH,ZIL,BUSD
ETH,ZIL,BIDR
ETH,ZIL,TRY
BNB,ZIL,BTC
BNB,ZIL,ETH
BNB,ZIL,USDT
BNB,ZIL,BUSD
BNB,ZIL,BIDR
BNB,ZIL,TRY
BTC,ONT,USDT
BTC,ONT,BUSD
BTC,ONT,TRY
ETH,ONT,BTC
ETH,ONT,USDT
ETH,ONT,BUSD
ETH,ONT,TRY
BTC,WAN,USDT
ETH,WAN,BTC
ETH,WAN,USDT
BTC,SYS,BUSD
BTC,SYS,USDT
USDT,ADA,TRY
USDT,ADA,BRL
USDT,ADA,RUB
USDT,ADA,BIDR
BNB,ADA,BTC
BNB,ADA,ETH
BNB,ADA,USDT
BNB,ADA,BUSD
BNB,ADA,EUR
BNB,ADA,TRY
BNB,ADA,BRL
BNB,ADA,GBP
BNB,ADA,AUD
BNB,ADA,RUB
BNB,ADA,BIDR
BTC,LOOM,BUSD
USDT,XRP,RUB
USDT,XRP,TRY
USDT,XRP,BRL
USDT,XRP,BIDR
BTC,ZEN,USDT
BTC,ZEN,BUSD
ETH,ZEN,BTC
ETH,ZEN,USDT
ETH,ZEN,BUSD
BNB,ZEN,BTC
BNB,ZEN,ETH
BNB,ZEN,USDT
BNB,ZEN,BUSD
USDT,EOS,TRY
BNB,EOS,ETH
BNB,EOS,BTC
BNB,EOS,USDT
BNB,EOS,BUSD
BNB,EOS,EUR
BNB,EOS,TRY
BTC,THETA,USDT
BTC,THETA,EUR
BTC,THETA,BUSD
ETH,THETA,BTC
ETH,THETA,USDT
ETH,THETA,EUR
ETH,THETA,BUSD
BNB,THETA,BTC
BNB,THETA,ETH
BNB,THETA,USDT
BNB,THETA,EUR
BNB,THETA,BUSD
BNB,XRP,BTC
BNB,XRP,ETH
BNB,XRP,USDT
BNB,XRP,BUSD
BNB,XRP,RUB
BNB,XRP,TRY
BNB,XRP,EUR
BNB,XRP,GBP
BNB,XRP,AUD
BNB,XRP,BRL
BNB,XRP,BIDR
USDT,XLM,TRY
BTC,IOTX,USDT
BTC,IOTX,BUSD
ETH,IOTX,BTC
ETH,IOTX,USDT
ETH,IOTX,BUSD
BTC,QKC,BUSD
ETH,QKC,BTC
ETH,QKC,BUSD
BNB,ENJ,BTC
BNB,ENJ,ETH
BNB,ENJ,USDT
BNB,ENJ,BUSD
BNB,ENJ,BRL
BNB,ENJ,EUR
BNB,ENJ,GBP
BNB,ENJ,TRY
BTC,DATA,BUSD
BTC,DATA,USDT
USDT,ONT,TRY
BNB,TRX,BTC
BNB,TRX,ETH
BNB,TRX,USDT
BNB,TRX,BUSD
BNB,TRX,TRY
BNB,TRX,EUR
USDT,TRX,TRY
USDT,ETC,TRY
BNB,ETC,ETH
BNB,ETC,BTC
BNB,ETC,USDT
BNB,ETC,BUSD
BNB,ETC,EUR
BNB,ETC,TRY
ETH,SC,USDT
ETH,SC,BUSD
ETH,KEY,USDT
ETH,KEY,BUSD
ETH,DENT,USDT
ETH,DENT,BUSD
ETH,DENT,TRY
BTC,ARDR,USDT
ETH,HOT,USDT
ETH,HOT,TRY
ETH,HOT,EUR
ETH,HOT,BUSD
BTC,VET,USDT
BTC,VET,BUSD
BTC,VET,EUR
BTC,VET,GBP
BTC,VET,TRY
ETH,VET,BTC
ETH,VET,USDT
ETH,VET,BUSD
ETH,VET,EUR
ETH,VET,GBP
ETH,VET,TRY
USDT,VET,TRY
BNB,VET,BTC
BNB,VET,ETH
BNB,VET,USDT
BNB,VET,BUSD
BNB,VET,EUR
BNB,VET,GBP
BNB,VET,TRY
BTC,DOCK,USDT
BTC,DOCK,BUSD
BTC,RVN,USDT
BTC,RVN,BUSD
BTC,RVN,TRY
BTC,DCR,USDT
BTC,REN,USDT
BTC,REN,BUSD
XRP,TRX,BTC
XRP,TRX,ETH
XRP,TRX,BNB
XRP,TRX,USDT
XRP,TRX,BUSD
XRP,TRX,TRY
XRP,TRX,EUR
USDT,LINK,TRY
USDT,LINK,BRL
USDT,WAVES,TRY
BTC,ONG,USDT
USDT,HOT,TRY
USDT,ZIL,BIDR
USDT,ZIL,TRY
BNB,FET,BTC
BNB,FET,USDT
BNB,FET,BUSD
BTC,FET,USDT
BTC,FET,BUSD
BNB,XMR,BTC
BNB,XMR,ETH
BNB,XMR,USDT
BNB,XMR,BUSD
BNB,ZEC,BTC
BNB,ZEC,ETH
BNB,ZEC,USDT
BNB,ZEC,BUSD
BNB,CELR,BTC
BNB,CELR,USDT
BNB,CELR,BUSD
BNB,CELR,ETH
BTC,CELR,USDT
BTC,CELR,BUSD
BNB,DASH,BTC
BNB,DASH,ETH
BNB,DASH,USDT
BNB,DASH,BUSD
USDT,ENJ,BRL
USDT,ENJ,TRY
BNB,MATIC,BTC
BNB,MATIC,USDT
BNB,MATIC,BUSD
BNB,MATIC,EUR
BNB,MATIC,BRL
BNB,MATIC,GBP
BNB,MATIC,BIDR
BNB,MATIC,RUB
BNB,MATIC,TRY
BNB,MATIC,AUD
BNB,MATIC,ETH
BTC,MATIC,USDT
BTC,MATIC,BUSD
BTC,MATIC,EUR
BTC,MATIC,BRL
BTC,MATIC,GBP
BTC,MATIC,BIDR
BTC,MATIC,RUB
BTC,MATIC,TRY
BTC,MATIC,AUD
USDT,MATIC,BRL
USDT,MATIC,BIDR
USDT,MATIC,RUB
USDT,MATIC,TRY
BNB,ATOM,BTC
BNB,ATOM,USDT
BNB,ATOM,BUSD
BNB,ATOM,ETH
BNB,ATOM,TRY
BNB,ATOM,BRL
BNB,ATOM,EUR
BTC,ATOM,USDT
BTC,ATOM,BUSD
BTC,ATOM,TRY
BTC,ATOM,BRL
BTC,ATOM,EUR
USDT,ATOM,TRY
USDT,ATOM,BRL
BTC,PHB,BUSD
BTC,PHB,USDT
BTC,TFUEL,USDT
BTC,TFUEL,BUSD
BNB,ONE,BTC
BNB,ONE,USDT
BNB,ONE,BUSD
BNB,ONE,ETH
BNB,ONE,TRY
BTC,ONE,USDT
BTC,ONE,BUSD
BTC,ONE,TRY
USDT,ONE,TRY
BNB,FTM,BTC
BNB,FTM,USDT
BNB,FTM,BUSD
BNB,FTM,BIDR
BNB,FTM,ETH
BNB,FTM,AUD
BNB,FTM,BRL
BNB,FTM,RUB
BNB,FTM,TRY
BNB,FTM,EUR
BTC,FTM,USDT
BTC,FTM,BUSD
BTC,FTM,BIDR
BTC,FTM,AUD
BTC,FTM,BRL
BTC,FTM,RUB
BTC,FTM,TRY
BTC,FTM,EUR
USDT,FTM,BIDR
USDT,FTM,BRL
USDT,FTM,RUB
USDT,FTM,TRY
BNB,ALGO,BTC
BNB,ALGO,USDT
BNB,ALGO,BUSD
BNB,ALGO,RUB
BNB,ALGO,ETH
BNB,ALGO,TRY
BTC,ALGO,USDT
BTC,ALGO,BUSD
BTC,ALGO,RUB
BTC,ALGO,TRY
USDT,ALGO,RUB
USDT,ALGO,TRY
BTC,DOGE,USDT
BTC,DOGE,BUSD
BTC,DOGE,EUR
BTC,DOGE,TRY
BTC,DOGE,AUD
BTC,DOGE,BRL
BTC,DOGE,GBP
BTC,DOGE,RUB
BTC,DOGE,BIDR
USDT,DOGE,TRY
USDT,DOGE,BRL
USDT,DOGE,RUB
USDT,DOGE,BIDR
BTC,DUSK,USDT
BTC,DUSK,BUSD
BNB,ANKR,BTC
BNB,ANKR,USDT
BNB,ANKR,BUSD
BNB,ANKR,TRY
BTC,ANKR,USDT
BTC,ANKR,BUSD
BTC,ANKR,TRY
USDT,ANKR,TRY
BNB,WIN,USDT
BNB,WIN,EUR
BNB,WIN,BRL
BNB,WIN,BUSD
USDT,WIN,BRL
BNB,COS,BTC
BNB,COS,USDT
BNB,COS,BUSD
BNB,COS,TRY
BTC,COS,USDT
BTC,COS,BUSD
BTC,COS,TRY
USDT,COS,TRY
BNB,COCOS,USDT
BNB,COCOS,BUSD
BNB,COCOS,TRY
USDT,COCOS,TRY
BTC,TOMO,USDT
BTC,TOMO,BUSD
USDT,DENT,TRY
TRX,WIN,BNB
TRX,WIN,USDT
TRX,WIN,EUR
TRX,WIN,BUSD
BNB,CHZ,BTC
BNB,CHZ,USDT
BNB,CHZ,TRY
BNB,CHZ,BRL
BNB,CHZ,BUSD
BNB,CHZ,EUR
BNB,CHZ,GBP
BTC,CHZ,USDT
BTC,CHZ,TRY
BTC,CHZ,BRL
BTC,CHZ,BUSD
BTC,CHZ,EUR
BTC,CHZ,GBP
USDT,CHZ,TRY
USDT,CHZ,BRL
BTC,BAND,USDT
BTC,BAND,BUSD
BUSD,BNB,USDT
BUSD,BNB,RUB
BUSD,BNB,TRY
BUSD,BNB,BIDR
BUSD,BNB,DAI
BUSD,BNB,BRL
BUSD,BNB,UAH
BUSD,BTC,USDT
BUSD,BTC,RUB
BUSD,BTC,TRY
BUSD,BTC,ZAR
BUSD,BTC,UAH
BUSD,BTC,BIDR
BUSD,BTC,DAI
BUSD,BTC,BRL
BUSD,BTC,PLN
USDT,BUSD,RUB
USDT,BUSD,TRY
USDT,BUSD,BIDR
USDT,BUSD,DAI
USDT,BUSD,BRL
USDT,BUSD,UAH
BNB,XTZ,BTC
BNB,XTZ,USDT
BNB,XTZ,BUSD
BNB,XTZ,TRY
BNB,XTZ,ETH
BTC,XTZ,USDT
BTC,XTZ,BUSD
BTC,XTZ,TRY
USDT,XTZ,TRY
USDT,RVN,TRY
BNB,HBAR,BTC
BNB,HBAR,USDT
BNB,HBAR,BUSD
BTC,HBAR,USDT
BTC,HBAR,BUSD
BTC,NKN,USDT
BTC,NKN,BUSD
BUSD,XRP,USDT
BUSD,XRP,RUB
BUSD,XRP,TRY
BUSD,XRP,BRL
BUSD,XRP,BIDR
BUSD,ETH,USDT
BUSD,ETH,RUB
BUSD,ETH,TRY
BUSD,ETH,ZAR
BUSD,ETH,BIDR
BUSD,ETH,DAI
BUSD,ETH,BRL
BUSD,ETH,UAH
BUSD,ETH,PLN
BUSD,LTC,USDT
BUSD,LTC,RUB
BUSD,LTC,BRL
BUSD,LTC,UAH
BUSD,LINK,USDT
BUSD,LINK,TRY
BUSD,LINK,BRL
BUSD,ETC,USDT
BUSD,ETC,TRY
BNB,STX,BTC
BNB,STX,USDT
BNB,STX,BUSD
BTC,STX,USDT
BTC,STX,BUSD
BNB,KAVA,BTC
BNB,KAVA,USDT
BNB,KAVA,BUSD
BNB,KAVA,ETH
BTC,KAVA,USDT
BTC,KAVA,BUSD
BNB,ARPA,BTC
BNB,ARPA,USDT
BNB,ARPA,TRY
BNB,ARPA,RUB
BNB,ARPA,BUSD
BNB,ARPA,ETH
BTC,ARPA,USDT
BTC,ARPA,TRY
BTC,ARPA,RUB
BTC,ARPA,BUSD
USDT,ARPA,TRY
USDT,ARPA,RUB
BUSD,TRX,USDT
BUSD,TRX,TRY
BUSD,EOS,USDT
BUSD,EOS,TRY
BUSD,XLM,USDT
BUSD,XLM,TRY
BUSD,ADA,USDT
BUSD,ADA,TRY
BUSD,ADA,BRL
BUSD,ADA,RUB
BUSD,ADA,BIDR
BTC,CTXC,USDT
BTC,CTXC,BUSD
BNB,BCH,BTC
BNB,BCH,USDT
BNB,BCH,BUSD
BNB,BCH,EUR
BTC,BCH,USDT
BTC,BCH,BUSD
BTC,BCH,EUR
BUSD,BCH,USDT
BUSD,QTUM,USDT
BUSD,VET,USDT
BUSD,VET,TRY
BTC,VITE,USDT
BTC,VITE,BUSD
EUR,BTC,USDT
EUR,BTC,BUSD
EUR,ETH,USDT
EUR,ETH,BUSD
EUR,BNB,USDT
EUR,BNB,BUSD
EUR,XRP,USDT
EUR,XRP,BUSD
BUSD,EUR,USDT
BTC,OGN,USDT
BTC,OGN,BUSD
BTC,DREP,USDT
BTC,DREP,BUSD
BNB,WRX,BTC
BNB,WRX,USDT
BNB,WRX,BUSD
BTC,WRX,USDT
BTC,WRX,BUSD
BUSD,ICX,USDT
BUSD,BNT,USDT
BTC,LTO,USDT
BTC,LTO,BUSD
BUSD,ATOM,USDT
BUSD,ATOM,TRY
BUSD,ATOM,BRL
BUSD,DASH,USDT
BUSD,NEO,USDT
BUSD,NEO,TRY
BUSD,NEO,RUB
BUSD,WAVES,USDT
BUSD,WAVES,TRY
BUSD,XTZ,USDT
BUSD,XTZ,TRY
BUSD,BAT,USDT
BUSD,ENJ,USDT
BUSD,ENJ,BRL
BUSD,ENJ,TRY
BUSD,ONT,USDT
BUSD,ONT,TRY
BUSD,RVN,USDT
BUSD,RVN,TRY
BNB,COTI,BTC
BNB,COTI,USDT
BNB,COTI,BUSD
BTC,COTI,USDT
BTC,COTI,BUSD
BUSD,ALGO,USDT
BUSD,ALGO,RUB
BUSD,ALGO,TRY
BUSD,TOMO,USDT
BUSD,XMR,USDT
BUSD,ZEC,USDT
BTC,STPT,USDT
BTC,STPT,BUSD
BUSD,DATA,USDT
BNB,SOL,BTC
BNB,SOL,USDT
BNB,SOL,BUSD
BNB,SOL,EUR
BNB,SOL,GBP
BNB,SOL,TRY
BNB,SOL,BRL
BNB,SOL,RUB
BNB,SOL,AUD
BNB,SOL,BIDR
BNB,SOL,ETH
BTC,SOL,USDT
BTC,SOL,BUSD
BTC,SOL,EUR
BTC,SOL,GBP
BTC,SOL,TRY
BTC,SOL,BRL
BTC,SOL,RUB
BTC,SOL,AUD
BTC,SOL,BIDR
USDT,SOL,TRY
USDT,SOL,BRL
USDT,SOL,RUB
USDT,SOL,BIDR
BUSD,SOL,USDT
BUSD,SOL,TRY
BUSD,SOL,BRL
BUSD,SOL,RUB
BUSD,SOL,BIDR
BTC,CTSI,USDT
BTC,CTSI,BUSD
BNB,CTSI,BTC
BNB,CTSI,USDT
BNB,CTSI,BUSD
BUSD,CTSI,USDT
BTC,HIVE,USDT
BTC,HIVE,BUSD
BNB,CHR,BTC
BNB,CHR,USDT
BNB,CHR,BUSD
BNB,CHR,ETH
BTC,CHR,USDT
BTC,CHR,BUSD
BUSD,HBAR,USDT
BUSD,MATIC,USDT
BUSD,MATIC,BRL
BUSD,MATIC,BIDR
BUSD,MATIC,RUB
BUSD,MATIC,TRY
BUSD,WRX,USDT
BUSD,ZIL,USDT
BUSD,ZIL,BIDR
BUSD,ZIL,TRY
BTC,MDT,USDT
BTC,MDT,BUSD
BTC,STMX,USDT
BTC,STMX,BUSD
BUSD,KNC,USDT
BUSD,LRC,USDT
BUSD,LRC,TRY
USDT,LRC,TRY
GBP,BTC,USDT
GBP,BTC,BUSD
GBP,ETH,USDT
GBP,ETH,BUSD
GBP,XRP,USDT
GBP,XRP,BUSD
GBP,BNB,USDT
GBP,BNB,BUSD
BUSD,GBP,USDT
BTC,DGB,BUSD
BTC,DGB,USDT
BUSD,DGB,USDT
BTC,COMP,BUSD
BTC,COMP,USDT
BUSD,COMP,USDT
BTC,SXP,BUSD
BTC,SXP,USDT
BTC,SXP,EUR
BTC,SXP,TRY
BNB,SXP,BTC
BNB,SXP,BUSD
BNB,SXP,USDT
BNB,SXP,EUR
BNB,SXP,TRY
BUSD,SXP,USDT
BUSD,SXP,TRY
BTC,SNX,BUSD
BTC,SNX,USDT
BNB,SNX,BTC
BNB,SNX,BUSD
BNB,SNX,USDT
BNB,SNX,ETH
BUSD,SNX,USDT
BUSD,STORJ,USDT
BUSD,STORJ,TRY
USDT,SXP,TRY
BTC,IRIS,USDT
BTC,MKR,USDT
BTC,MKR,BUSD
BUSD,MKR,USDT
BNB,RUNE,BTC
BNB,RUNE,BUSD
BNB,RUNE,USDT
BNB,RUNE,GBP
BNB,RUNE,EUR
BNB,RUNE,ETH
BNB,RUNE,TRY
BTC,RUNE,BUSD
BTC,RUNE,USDT
BTC,RUNE,GBP
BTC,RUNE,EUR
BTC,RUNE,TRY
BUSD,RUNE,USDT
BUSD,RUNE,TRY
BUSD,MANA,USDT
BUSD,MANA,TRY
BUSD,MANA,BRL
BUSD,DOGE,USDT
BUSD,DOGE,TRY
BUSD,DOGE,BRL
BUSD,DOGE,RUB
BUSD,DOGE,BIDR
BUSD,ZRX,USDT
USDT,STORJ,TRY
AUD,BTC,USDT
AUD,BTC,BUSD
AUD,ETH,USDT
AUD,ETH,BUSD
BUSD,AUD,USDT
BTC,FIO,BUSD
BTC,FIO,USDT
BUSD,FIO,USDT
BTC,AVA,BUSD
BTC,AVA,USDT
BUSD,AVA,USDT
BUSD,IOTA,USDT
USDT,MANA,TRY
USDT,MANA,BRL
AUD,XRP,USDT
AUD,XRP,BUSD
AUD,BNB,USDT
AUD,BNB,BUSD
BTC,BAL,BUSD
BTC,BAL,USDT
BUSD,BAL,USDT
BTC,YFI,BUSD
BTC,YFI,USDT
BTC,YFI,EUR
BUSD,YFI,USDT
BUSD,BLZ,USDT
BTC,JST,BUSD
BTC,JST,USDT
BUSD,JST,USDT
BNB,ANT,BTC
BNB,ANT,BUSD
BNB,ANT,USDT
BTC,ANT,BUSD
BTC,ANT,USDT
BUSD,ANT,USDT
BTC,CRV,BUSD
BTC,CRV,USDT
BUSD,CRV,USDT
BNB,SAND,BTC
BNB,SAND,USDT
BNB,SAND,BUSD
BNB,SAND,ETH
BNB,SAND,TRY
BNB,SAND,AUD
BNB,SAND,BRL
BNB,SAND,BIDR
BTC,SAND,USDT
BTC,SAND,BUSD
BTC,SAND,TRY
BTC,SAND,AUD
BTC,SAND,BRL
BTC,SAND,BIDR
USDT,SAND,TRY
USDT,SAND,BRL
USDT,SAND,BIDR
BUSD,SAND,USDT
BUSD,SAND,TRY
BUSD,SAND,BRL
BUSD,SAND,BIDR
BNB,OCEAN,BTC
BNB,OCEAN,BUSD
BNB,OCEAN,USDT
BTC,OCEAN,BUSD
BTC,OCEAN,USDT
BUSD,OCEAN,USDT
BTC,NMR,BUSD
BTC,NMR,USDT
BUSD,NMR,USDT
BNB,DOT,BTC
BNB,DOT,BUSD
BNB,DOT,USDT
BNB,DOT,BIDR
BNB,DOT,EUR
BNB,DOT,TRY
BNB,DOT,GBP
BNB,DOT,BRL
BNB,DOT,RUB
BNB,DOT,AUD
BNB,DOT,ETH
BTC,DOT,BUSD
BTC,DOT,USDT
BTC,DOT,BIDR
BTC,DOT,EUR
BTC,DOT,TRY
BTC,DOT,GBP
BTC,DOT,BRL
BTC,DOT,RUB
BTC,DOT,AUD
BUSD,DOT,USDT
BUSD,DOT,BIDR
BUSD,DOT,TRY
BUSD,DOT,BRL
BUSD,DOT,RUB
USDT,DOT,BIDR
USDT,DOT,TRY
USDT,DOT,BRL
USDT,DOT,RUB
BUSD,LUNA,USDT
BUSD,LUNA,TRY
USDT,LUNA,TRY
BTC,IDEX,BUSD
BTC,IDEX,USDT
BUSD,IDEX,USDT
BNB,RSR,BUSD
BNB,RSR,USDT
BUSD,RSR,USDT
BNB,PAXG,BTC
BNB,PAXG,BUSD
BNB,PAXG,USDT
BTC,PAXG,BUSD
BTC,PAXG,USDT
BUSD,PAXG,USDT
BTC,TRB,BUSD
BTC,TRB,USDT
BUSD,TRB,USDT
AUD,LINK,USDT
AUD,LINK,BUSD
BTC,WBTC,BUSD
ETH,WBTC,BTC
ETH,WBTC,BUSD
BNB,SUSHI,BTC
BNB,SUSHI,BUSD
BNB,SUSHI,USDT
BTC,SUSHI,BUSD
BTC,SUSHI,USDT
BUSD,SUSHI,USDT
BTC,KSM,BUSD
BTC,KSM,USDT
BUSD,KSM,USDT
BNB,EGLD,BTC
BNB,EGLD,BUSD
BNB,EGLD,USDT
BNB,EGLD,EUR
BNB,EGLD,ETH
BTC,EGLD,BUSD
BTC,EGLD,USDT
BTC,EGLD,EUR
BUSD,EGLD,USDT
BTC,DIA,BUSD
BTC,DIA,USDT
BUSD,DIA,USDT
USDT,RUNE,TRY
BTC,UMA,USDT
BTC,UMA,BUSD
BTC,UMA,TRY
USDT,UMA,TRY
BNB,BEL,BTC
BNB,BEL,BUSD
BNB,BEL,USDT
BNB,BEL,TRY
BNB,BEL,ETH
BTC,BEL,BUSD
BTC,BEL,USDT
BTC,BEL,TRY
BUSD,BEL,USDT
BUSD,BEL,TRY
USDT,BEL,TRY
BTC,WING,BUSD
BTC,WING,USDT
BUSD,WING,USDT
EUR,SXP,BUSD
EUR,SXP,USDT
BNB,UNI,BTC
BNB,UNI,BUSD
BNB,UNI,USDT
BNB,UNI,EUR
BNB,UNI,ETH
BTC,UNI,BUSD
BTC,UNI,USDT
BTC,UNI,EUR
BUSD,UNI,USDT
BTC,OXT,USDT
BTC,OXT,BUSD
BNB,AVAX,BTC
BNB,AVAX,BUSD
BNB,AVAX,USDT
BNB,AVAX,TRY
BNB,AVAX,EUR
BNB,AVAX,BRL
BNB,AVAX,AUD
BNB,AVAX,ETH
BNB,AVAX,GBP
BTC,AVAX,BUSD
BTC,AVAX,USDT
BTC,AVAX,TRY
BTC,AVAX,EUR
BTC,AVAX,BRL
BTC,AVAX,AUD
BTC,AVAX,GBP
BUSD,AVAX,USDT
BUSD,AVAX,TRY
BUSD,AVAX,BRL
USDT,AVAX,TRY
USDT,AVAX,BRL
BNB,BAKE,BUSD
BNB,BAKE,USDT
BNB,BAKE,BTC
BNB,BURGER,BUSD
BNB,BURGER,USDT
BNB,BURGER,ETH
BTC,FLM,USDT
BTC,SCRT,BUSD
BTC,SCRT,USDT
ETH,SCRT,BTC
ETH,SCRT,BUSD
ETH,SCRT,USDT
BNB,CAKE,BUSD
BNB,CAKE,BTC
BNB,CAKE,USDT
BNB,CAKE,GBP
BUSD,CAKE,USDT
BTC,ORN,USDT
BTC,ORN,BUSD
BTC,UTK,USDT
BTC,UTK,BUSD
BNB,XVS,BTC
BNB,XVS,BUSD
BNB,XVS,USDT
BTC,XVS,BUSD
BTC,XVS,USDT
BUSD,XVS,USDT
BNB,ALPHA,BTC
BNB,ALPHA,BUSD
BNB,ALPHA,USDT
BTC,ALPHA,BUSD
BTC,ALPHA,USDT
BUSD,ALPHA,USDT
BTC,VIDT,BUSD
BTC,VIDT,USDT
BUSD,VIDT,USDT
BNB,AAVE,BTC
BNB,AAVE,ETH
BNB,AAVE,BUSD
BNB,AAVE,USDT
BTC,AAVE,BUSD
BTC,AAVE,USDT
ETH,AAVE,BTC
ETH,AAVE,BUSD
ETH,AAVE,USDT
BUSD,AAVE,USDT
BNB,NEAR,BTC
BNB,NEAR,BUSD
BNB,NEAR,USDT
BNB,NEAR,ETH
BNB,NEAR,RUB
BNB,NEAR,TRY
BNB,NEAR,EUR
BTC,NEAR,BUSD
BTC,NEAR,USDT
BTC,NEAR,RUB
BTC,NEAR,TRY
BTC,NEAR,EUR
BUSD,NEAR,USDT
BUSD,NEAR,RUB
BUSD,NEAR,TRY
USDT,NEAR,RUB
USDT,NEAR,TRY
BNB,FIL,BTC
BNB,FIL,BUSD
BNB,FIL,USDT
BNB,FIL,TRY
BNB,FIL,ETH
BTC,FIL,BUSD
BTC,FIL,USDT
BTC,FIL,TRY
BUSD,FIL,USDT
BUSD,FIL,TRY
USDT,FIL,TRY
BNB,INJ,BTC
BNB,INJ,BUSD
BNB,INJ,USDT
BNB,INJ,TRY
BTC,INJ,BUSD
BTC,INJ,USDT
BTC,INJ,TRY
BUSD,INJ,USDT
BUSD,INJ,TRY
USDT,INJ,TRY
BTC,AERGO,BUSD
EUR,LINK,USDT
EUR,LINK,BUSD
BUSD,ONE,USDT
BUSD,ONE,TRY
BTC,AUDIO,BUSD
BTC,AUDIO,USDT
BTC,AUDIO,TRY
BUSD,AUDIO,USDT
BUSD,AUDIO,TRY
USDT,AUDIO,TRY
BNB,CTK,BTC
BNB,CTK,BUSD
BNB,CTK,USDT
BTC,CTK,BUSD
BTC,CTK,USDT
BUSD,CTK,USDT
EUR,DOT,BUSD
EUR,DOT,USDT
BNB,KP3R,BUSD
BNB,KP3R,USDT
BUSD,KP3R,USDT
BNB,AXS,BTC
BNB,AXS,BUSD
BNB,AXS,USDT
BNB,AXS,BRL
BNB,AXS,AUD
BNB,AXS,BIDR
BNB,AXS,ETH
BNB,AXS,TRY
BTC,AXS,BUSD
BTC,AXS,USDT
BTC,AXS,BRL
BTC,AXS,AUD
BTC,AXS,BIDR
BTC,AXS,TRY
BUSD,AXS,USDT
BUSD,AXS,BRL
BUSD,AXS,BIDR
BUSD,AXS,TRY
USDT,AXS,BRL
USDT,AXS,BIDR
USDT,AXS,TRY
BNB,HARD,BTC
BNB,HARD,BUSD
BNB,HARD,USDT
BTC,HARD,BUSD
BTC,HARD,USDT
BUSD,HARD,USDT
EUR,LTC,USDT
EUR,LTC,BUSD
ETH,SLP,BUSD
ETH,SLP,USDT
ETH,SLP,TRY
ETH,SLP,BIDR
EUR,ADA,USDT
EUR,ADA,BUSD
ETH,CVP,BUSD
ETH,CVP,USDT
BUSD,CVP,USDT
BTC,STRAX,BUSD
BTC,STRAX,USDT
BUSD,STRAX,USDT
BTC,FOR,BUSD
BTC,FOR,USDT
BUSD,FOR,USDT
BTC,UNFI,BUSD
BTC,UNFI,USDT
BUSD,UNFI,USDT
BUSD,FRONT,USDT
BTC,ROSE,BUSD
BTC,ROSE,USDT
BTC,ROSE,TRY
BUSD,ROSE,USDT
BUSD,ROSE,TRY
USDT,ROSE,TRY
BUSD,SYS,USDT
BNB,PROM,BUSD
BNB,PROM,BTC
BTC,SKL,BUSD
BTC,SKL,USDT
BUSD,SKL,USDT
EUR,BCH,USDT
EUR,BCH,BUSD
EUR,YFI,BUSD
EUR,YFI,USDT
BTC,GLM,BUSD
BUSD,GHST,USDT
EUR,XLM,USDT
EUR,XLM,BUSD
BUSD,DF,USDT
BTC,GRT,USDT
BTC,GRT,EUR
BTC,GRT,BUSD
BTC,GRT,TRY
ETH,GRT,BTC
ETH,GRT,USDT
ETH,GRT,EUR
ETH,GRT,BUSD
ETH,GRT,TRY
USDT,GRT,TRY
BTC,JUV,BUSD
BTC,JUV,USDT
BUSD,JUV,USDT
BTC,PSG,BUSD
BTC,PSG,USDT
BUSD,PSG,USDT
BTC,1INCH,USDT
BTC,1INCH,BUSD
USDT,REEF,TRY
BTC,OG,USDT
BTC,OG,BUSD
BTC,ATM,USDT
BTC,ATM,BUSD
BTC,ASR,USDT
BTC,ASR,BUSD
BTC,CELO,USDT
BTC,CELO,BUSD
BTC,RIF,USDT
GBP,LINK,USDT
GBP,LINK,BUSD
EUR,GRT,USDT
EUR,GRT,BUSD
BTC,TRU,USDT
BTC,TRU,RUB
USDT,TRU,RUB
ETH,DEXE,BUSD
ETH,DEXE,USDT
BUSD,DEXE,USDT
EUR,EOS,USDT
EUR,EOS,BUSD
BUSD,CKB,USDT
BTC,TWT,BUSD
BTC,TWT,USDT
BTC,TWT,TRY
BUSD,TWT,USDT
BUSD,TWT,TRY
USDT,TWT,TRY
BTC,FIRO,USDT
BTC,FIRO,BUSD
ETH,BETH,BUSD
EUR,DOGE,USDT
EUR,DOGE,BUSD
AUD,DOGE,USDT
AUD,DOGE,BUSD
ETH,PROS,BUSD
BTC,LIT,BUSD
BTC,LIT,USDT
BUSD,LIT,USDT
BTC,SFP,BUSD
BTC,SFP,USDT
BUSD,SFP,USDT
GBP,DOGE,USDT
GBP,DOGE,BUSD
BTC,FXS,BUSD
BTC,FXS,USDT
BUSD,FXS,USDT
BTC,DODO,BUSD
BTC,DODO,USDT
BUSD,DODO,USDT
BTC,FRONT,BUSD
BTC,FRONT,USDT
BTC,CAKE,BUSD
BTC,CAKE,USDT
BTC,CAKE,GBP
BUSD,BAKE,USDT
ETH,UFT,BUSD
BUSD,1INCH,USDT
BUSD,BAND,USDT
BUSD,GRT,USDT
BUSD,GRT,TRY
BUSD,IOST,USDT
BUSD,OMG,USDT
BUSD,REEF,USDT
BUSD,REEF,TRY
BTC,ACM,BUSD
BTC,ACM,USDT
BUSD,ACM,USDT
BTC,AUCTION,BUSD
BTC,AUCTION,USDT
BUSD,AUCTION,USDT
BTC,PHA,BUSD
BTC,PHA,USDT
BUSD,PHA,USDT
GBP,DOT,BUSD
GBP,DOT,USDT
GBP,ADA,USDT
GBP,ADA,BUSD
BTC,TVK,BUSD
BTC,TVK,USDT
BUSD,TVK,USDT
BTC,BADGER,BUSD
BTC,BADGER,USDT
BUSD,BADGER,USDT
BTC,FIS,BUSD
BTC,FIS,USDT
BTC,FIS,BRL
BUSD,FIS,USDT
BUSD,FIS,BRL
USDT,FIS,BRL
AUD,ADA,USDT
AUD,ADA,BUSD
EUR,EGLD,BUSD
EUR,EGLD,USDT
BTC,OM,BUSD
BTC,OM,USDT
BUSD,OM,USDT
BTC,POND,BUSD
BTC,POND,USDT
BUSD,POND,USDT
BTC,DEGO,BUSD
BTC,DEGO,USDT
BUSD,DEGO,USDT
EUR,AVAX,BUSD
EUR,AVAX,USDT
EUR,UNI,BUSD
EUR,UNI,USDT
BTC,ALICE,BUSD
BTC,ALICE,USDT
BTC,ALICE,TRY
BUSD,ALICE,USDT
BUSD,ALICE,TRY
USDT,ALICE,TRY
BUSD,CHZ,USDT
BUSD,CHZ,TRY
BUSD,CHZ,BRL
EUR,CHZ,USDT
EUR,CHZ,BUSD
GBP,CHZ,USDT
GBP,CHZ,BUSD
BUSD,BIFI,USDT
BTC,LINA,BUSD
BTC,LINA,USDT
BUSD,LINA,USDT
EUR,ENJ,USDT
EUR,ENJ,BUSD
EUR,MATIC,USDT
EUR,MATIC,BUSD
BTC,PERP,BUSD
BTC,PERP,USDT
BUSD,PERP,USDT
BTC,SUPER,BUSD
BTC,SUPER,USDT
BUSD,SUPER,USDT
BTC,CFX,BUSD
BTC,CFX,USDT
BUSD,CFX,USDT
GBP,ENJ,USDT
GBP,ENJ,BUSD
GBP,LTC,USDT
GBP,LTC,BUSD
EUR,THETA,USDT
EUR,THETA,BUSD
BUSD,XVG,USDT
BTC,AUTO,BUSD
BTC,AUTO,USDT
BUSD,AUTO,USDT
BTC,TKO,BIDR
BTC,TKO,BUSD
BTC,TKO,USDT
BUSD,TKO,BIDR
BUSD,TKO,USDT
USDT,TKO,BIDR
ETH,PUNDIX,USDT
ETH,PUNDIX,BUSD
EUR,HOT,USDT
EUR,HOT,BUSD
EUR,WIN,USDT
EUR,WIN,BUSD
BTC,TLM,BUSD
BTC,TLM,USDT
BTC,TLM,TRY
BUSD,TLM,USDT
BUSD,TLM,TRY
USDT,TLM,TRY
BUSD,HOT,USDT
BUSD,HOT,TRY
EUR,VET,USDT
EUR,VET,BUSD
GBP,VET,USDT
GBP,VET,BUSD
BTC,BAR,BUSD
BTC,BAR,USDT
BUSD,BAR,USDT
BTC,FORTH,BUSD
BTC,FORTH,USDT
BUSD,FORTH,USDT
GBP,CAKE,BUSD
GBP,CAKE,USDT
BUSD,BURGER,USDT
BUSD,SLP,USDT
BUSD,SLP,TRY
BUSD,SLP,BIDR
USDT,SLP,TRY
USDT,SLP,BIDR
EUR,TRX,USDT
EUR,TRX,BUSD
USDT,SHIB,BRL
USDT,SHIB,TRY
BUSD,SHIB,USDT
BUSD,SHIB,BRL
BUSD,SHIB,TRY
BTC,ICP,BUSD
BTC,ICP,USDT
BTC,ICP,EUR
BTC,ICP,TRY
BNB,ICP,BTC
BNB,ICP,BUSD
BNB,ICP,USDT
BNB,ICP,EUR
BNB,ICP,ETH
BNB,ICP,TRY
BUSD,ICP,USDT
BUSD,ICP,TRY
USDT,ICP,TRY
EUR,SHIB,USDT
EUR,SHIB,BUSD
EUR,ETC,USDT
EUR,ETC,BUSD
BTC,AR,BUSD
BTC,AR,USDT
BNB,AR,BTC
BNB,AR,BUSD
BNB,AR,USDT
BUSD,AR,USDT
BTC,POLS,BUSD
BTC,POLS,USDT
BNB,POLS,BTC
BNB,POLS,BUSD
BNB,POLS,USDT
BUSD,POLS,USDT
BTC,MDX,BUSD
BTC,MDX,USDT
BUSD,MDX,USDT
BNB,MASK,BUSD
BNB,MASK,USDT
BUSD,MASK,USDT
BTC,LPT,BUSD
BTC,LPT,USDT
BNB,LPT,BTC
BNB,LPT,BUSD
BNB,LPT,USDT
BUSD,LPT,USDT
EUR,SOL,USDT
EUR,SOL,BUSD
BTC,AGIX,BUSD
EUR,ICP,BUSD
EUR,ICP,USDT
GBP,MATIC,USDT
GBP,MATIC,BUSD
BUSD,CELR,USDT
BUSD,ATM,USDT
BUSD,ZEN,USDT
BUSD,FTM,USDT
BUSD,FTM,BIDR
BUSD,FTM,BRL
BUSD,FTM,RUB
BUSD,FTM,TRY
BUSD,THETA,USDT
BUSD,WIN,USDT
BUSD,WIN,BRL
BUSD,KAVA,USDT
BTC,ATA,BUSD
BTC,ATA,USDT
BUSD,ATA,USDT
BTC,GTC,BUSD
BTC,GTC,USDT
BUSD,GTC,USDT
GBP,SOL,USDT
GBP,SOL,BUSD
BTC,BAKE,BUSD
BTC,BAKE,USDT
BUSD,COTI,USDT
GBP,RUNE,BUSD
GBP,RUNE,USDT
BUSD,SC,USDT
BUSD,CHR,USDT
BUSD,STMX,USDT
BUSD,DOCK,USDT
BNB,ERN,BUSD
BNB,ERN,USDT
BUSD,ERN,USDT
BTC,KLAY,BUSD
BTC,KLAY,USDT
BNB,KLAY,BTC
BNB,KLAY,BUSD
BNB,KLAY,USDT
BUSD,KLAY,USDT
EUR,RUNE,BUSD
EUR,RUNE,USDT
AUD,MATIC,USDT
AUD,MATIC,BUSD
BUSD,UTK,USDT
BUSD,IOTX,USDT
BTC,BOND,BUSD
BTC,BOND,USDT
BUSD,BOND,USDT
BTC,MLN,BUSD
BTC,MLN,USDT
BUSD,MLN,USDT
AUD,DOT,BUSD
AUD,DOT,USDT
BUSD,LTO,USDT
BUSD,ADX,USDT
BTC,QUICK,BUSD
BTC,QUICK,USDT
BUSD,QUICK,USDT
USDT,C98,BRL
BUSD,C98,USDT
BUSD,C98,BRL
BNB,C98,USDT
BNB,C98,BUSD
BNB,C98,BTC
BNB,C98,BRL
BTC,C98,USDT
BTC,C98,BUSD
BTC,C98,BRL
BTC,CLV,BUSD
BTC,CLV,USDT
BNB,CLV,BTC
BNB,CLV,BUSD
BNB,CLV,USDT
BUSD,CLV,USDT
BTC,QNT,BUSD
BTC,QNT,USDT
BNB,QNT,BTC
BNB,QNT,BUSD
BNB,QNT,USDT
BUSD,QNT,USDT
BTC,FLOW,BUSD
BTC,FLOW,USDT
BNB,FLOW,BTC
BNB,FLOW,BUSD
BNB,FLOW,USDT
BUSD,FLOW,USDT
BUSD,XEC,USDT
AUD,AXS,BUSD
AUD,AXS,USDT
BTC,MINA,BUSD
BTC,MINA,USDT
BTC,MINA,TRY
BNB,MINA,BTC
BNB,MINA,BUSD
BNB,MINA,USDT
BNB,MINA,TRY
BUSD,MINA,USDT
BUSD,MINA,TRY
USDT,MINA,TRY
BNB,RAY,BUSD
BNB,RAY,USDT
BUSD,RAY,USDT
BTC,FARM,BUSD
BTC,FARM,USDT
BUSD,FARM,USDT
BTC,ALPACA,BUSD
BTC,ALPACA,USDT
BUSD,ALPACA,USDT
BUSD,ORN,USDT
BTC,MBOX,BUSD
BTC,MBOX,USDT
BTC,MBOX,TRY
BNB,MBOX,BTC
BNB,MBOX,BUSD
BNB,MBOX,USDT
BNB,MBOX,TRY
BUSD,MBOX,USDT
BUSD,MBOX,TRY
USDT,MBOX,TRY
BUSD,WAXP,USDT
BNB,WAXP,USDT
BNB,WAXP,BUSD
BNB,WAXP,BTC
BTC,WAXP,USDT
BTC,WAXP,BUSD
BTC,PROM,BUSD
BUSD,MTL,USDT
BUSD,OGN,USDT
AUD,SOL,USDT
AUD,SOL,BUSD
BUSD,DYDX,USDT
BNB,DYDX,USDT
BNB,DYDX,BUSD
BNB,DYDX,BTC
BTC,DYDX,USDT
BTC,DYDX,BUSD
BUSD,ELF,USDT
USDT,GALA,BRL
USDT,GALA,TRY
BUSD,GALA,USDT
BUSD,GALA,BRL
BUSD,GALA,TRY
BNB,GALA,USDT
BNB,GALA,BUSD
BNB,GALA,BTC
BNB,GALA,ETH
BNB,GALA,BRL
BNB,GALA,TRY
BNB,GALA,AUD
BNB,GALA,EUR
BTC,GALA,USDT
BTC,GALA,BUSD
BTC,GALA,BRL
BTC,GALA,TRY
BTC,GALA,AUD
BTC,GALA,EUR
BUSD,SUN,USDT
BUSD,ILV,USDT
BNB,ILV,USDT
BNB,ILV,BUSD
BNB,ILV,BTC
BTC,ILV,USDT
BTC,ILV,BUSD
BUSD,REN,USDT
BUSD,YGG,USDT
BNB,YGG,USDT
BNB,YGG,BUSD
BNB,YGG,BTC
BTC,YGG,USDT
BTC,YGG,BUSD
BUSD,STX,USDT
BUSD,FET,USDT
BUSD,ARPA,USDT
BUSD,ARPA,TRY
BUSD,ARPA,RUB
BUSD,LSK,USDT
BUSD,FIDA,USDT
BTC,FIDA,USDT
BTC,FIDA,BUSD
BUSD,DENT,USDT
BUSD,DENT,TRY
BTC,AGLD,BUSD
BTC,AGLD,USDT
BUSD,AGLD,USDT
BTC,RAD,BUSD
BTC,RAD,USDT
BNB,RAD,BTC
BNB,RAD,BUSD
BNB,RAD,USDT
BUSD,RAD,USDT
BUSD,HIVE,USDT
BUSD,STPT,USDT
BTC,BETA,BUSD
BTC,BETA,USDT
BNB,BETA,BTC
BNB,BETA,BUSD
BNB,BETA,USDT
BNB,BETA,ETH
BUSD,BETA,USDT
AUD,SHIB,USDT
AUD,SHIB,BUSD
BTC,RARE,BUSD
BTC,RARE,USDT
BUSD,RARE,USDT
AUD,AVAX,BUSD
AUD,AVAX,USDT
BUSD,TROY,USDT
ETH,AXS,BTC
ETH,AXS,BUSD
ETH,AXS,USDT
ETH,AXS,BRL
ETH,AXS,AUD
ETH,AXS,BIDR
ETH,AXS,TRY
ETH,FTM,BTC
ETH,FTM,USDT
ETH,FTM,BUSD
ETH,FTM,BIDR
ETH,FTM,AUD
ETH,FTM,BRL
ETH,FTM,RUB
ETH,FTM,TRY
ETH,FTM,EUR
ETH,SOL,BTC
ETH,SOL,USDT
ETH,SOL,BUSD
ETH,SOL,EUR
ETH,SOL,GBP
ETH,SOL,TRY
ETH,SOL,BRL
ETH,SOL,RUB
ETH,SOL,AUD
ETH,SOL,BIDR
BTC,SSV,BUSD
ETH,SSV,BTC
ETH,SSV,BUSD
EUR,LAZIO,USDT
EUR,LAZIO,BUSD
BTC,LAZIO,TRY
BTC,LAZIO,EUR
BTC,LAZIO,USDT
BTC,LAZIO,BUSD
USDT,LAZIO,TRY
BTC,CHESS,BUSD
BTC,CHESS,USDT
BUSD,CHESS,USDT
AUD,FTM,USDT
AUD,FTM,BUSD
BUSD,SCRT,USDT
BUSD,CELO,USDT
DOGE,SHIB,USDT
DOGE,SHIB,BUSD
DOGE,SHIB,EUR
DOGE,SHIB,BRL
DOGE,SHIB,TRY
DOGE,SHIB,AUD
DOGE,SHIB,GBP
USDT,DAR,TRY
BUSD,DAR,USDT
BUSD,DAR,TRY
BNB,DAR,USDT
BNB,DAR,BUSD
BNB,DAR,BTC
BNB,DAR,TRY
BNB,DAR,EUR
BNB,DAR,ETH
BTC,DAR,USDT
BTC,DAR,BUSD
BTC,DAR,TRY
BTC,DAR,EUR
BTC,BNX,BUSD
BTC,BNX,USDT
BNB,BNX,BTC
BNB,BNX,BUSD
BNB,BNX,USDT
BUSD,BNX,USDT
BUSD,LAZIO,TRY
BUSD,LAZIO,USDT
BUSD,OXT,USDT
BTC,MOVR,BUSD
BTC,MOVR,USDT
BUSD,MOVR,USDT
BTC,CITY,BUSD
BTC,CITY,USDT
BNB,CITY,BTC
BNB,CITY,BUSD
BNB,CITY,USDT
BUSD,CITY,USDT
BTC,ENS,BUSD
BTC,ENS,USDT
BTC,ENS,TRY
BNB,ENS,BTC
BNB,ENS,BUSD
BNB,ENS,USDT
BNB,ENS,TRY
BUSD,ENS,USDT
BUSD,ENS,TRY
USDT,ENS,TRY
ETH,SAND,BTC
ETH,SAND,USDT
ETH,SAND,BUSD
ETH,SAND,TRY
ETH,SAND,AUD
ETH,SAND,BRL
ETH,SAND,BIDR
ETH,DOT,BTC
ETH,DOT,BUSD
ETH,DOT,USDT
ETH,DOT,BIDR
ETH,DOT,EUR
ETH,DOT,TRY
ETH,DOT,GBP
ETH,DOT,BRL
ETH,DOT,RUB
ETH,DOT,AUD
ETH,MATIC,BTC
ETH,MATIC,USDT
ETH,MATIC,BUSD
ETH,MATIC,EUR
ETH,MATIC,BRL
ETH,MATIC,GBP
ETH,MATIC,BIDR
ETH,MATIC,RUB
ETH,MATIC,TRY
ETH,MATIC,AUD
BUSD,ANKR,USDT
BUSD,ANKR,TRY
BUSD,QI,USDT
BTC,QI,USDT
BTC,QI,BUSD
BTC,PORTO,USDT
BTC,PORTO,TRY
BTC,PORTO,EUR
BTC,PORTO,BUSD
USDT,PORTO,TRY
EUR,PORTO,USDT
EUR,PORTO,BUSD
BUSD,POWR,USDT
ETH,AVAX,BTC
ETH,AVAX,BUSD
ETH,AVAX,USDT
ETH,AVAX,TRY
ETH,AVAX,EUR
ETH,AVAX,BRL
ETH,AVAX,AUD
ETH,AVAX,GBP
ETH,CHR,BTC
ETH,CHR,USDT
ETH,CHR,BUSD
ETH,GALA,USDT
ETH,GALA,BUSD
ETH,GALA,BTC
ETH,GALA,BRL
ETH,GALA,TRY
ETH,GALA,AUD
ETH,GALA,EUR
USDT,JASMY,TRY
BUSD,JASMY,USDT
BUSD,JASMY,TRY
BNB,JASMY,USDT
BNB,JASMY,BUSD
BNB,JASMY,BTC
BNB,JASMY,ETH
BNB,JASMY,TRY
BNB,JASMY,EUR
BTC,JASMY,USDT
BTC,JASMY,BUSD
BTC,JASMY,TRY
BTC,JASMY,EUR
BTC,AMP,BUSD
BTC,AMP,USDT
BUSD,AMP,USDT
BTC,PLA,BUSD
BTC,PLA,USDT
BNB,PLA,BTC
BNB,PLA,BUSD
BNB,PLA,USDT
BUSD,PLA,USDT
BTC,PYR,BUSD
BTC,PYR,USDT
BUSD,PYR,USDT
BTC,RNDR,USDT
BTC,RNDR,BUSD
BUSD,RNDR,USDT
BTC,ALCX,BUSD
BTC,ALCX,USDT
BUSD,ALCX,USDT
BTC,SANTOS,USDT
BTC,SANTOS,BRL
BTC,SANTOS,TRY
BTC,SANTOS,BUSD
USDT,SANTOS,BRL
USDT,SANTOS,TRY
BTC,MC,BUSD
BTC,MC,USDT
BUSD,MC,USDT
BUSD,COCOS,USDT
BUSD,COCOS,TRY
AUD,SAND,USDT
AUD,SAND,BUSD
BTC,BICO,BUSD
BTC,BICO,USDT
BUSD,BICO,USDT
BTC,FLUX,BUSD
BTC,FLUX,USDT
BUSD,FLUX,USDT
BUSD,REQ,USDT
BTC,VOXEL,BUSD
BTC,VOXEL,USDT
BNB,VOXEL,BTC
BNB,VOXEL,BUSD
BNB,VOXEL,USDT
BUSD,VOXEL,USDT
BUSD,COS,USDT
BUSD,COS,TRY
BUSD,CTXC,USDT
BTC,HIGH,BUSD
BTC,HIGH,USDT
BUSD,HIGH,USDT
BTC,CVX,BUSD
BTC,CVX,USDT
BUSD,CVX,USDT
BTC,PEOPLE,BUSD
BTC,PEOPLE,USDT
BUSD,PEOPLE,USDT
BUSD,OOKI,USDT
BNB,LINK,BTC
BNB,LINK,ETH
BNB,LINK,USDT
BNB,LINK,BUSD
BNB,LINK,AUD
BNB,LINK,TRY
BNB,LINK,EUR
BNB,LINK,BRL
BNB,LINK,GBP
BUSD,MDT,USDT
BUSD,NULS,USDT
USDT,SPELL,TRY
BUSD,SPELL,USDT
BUSD,SPELL,TRY
BTC,JOE,BUSD
BTC,JOE,USDT
BUSD,JOE,USDT
ETH,ATOM,BTC
ETH,ATOM,USDT
ETH,ATOM,BUSD
ETH,ATOM,TRY
ETH,ATOM,BRL
ETH,ATOM,EUR
BUSD,DUSK,USDT
ETH,EGLD,BTC
ETH,EGLD,BUSD
ETH,EGLD,USDT
ETH,EGLD,EUR
ETH,ICP,BTC
ETH,ICP,BUSD
ETH,ICP,USDT
ETH,ICP,EUR
ETH,ICP,TRY
ETH,NEAR,BTC
ETH,NEAR,BUSD
ETH,NEAR,USDT
ETH,NEAR,RUB
ETH,NEAR,TRY
ETH,NEAR,EUR
BNB,ALICE,BTC
BNB,ALICE,BUSD
BNB,ALICE,USDT
BNB,ALICE,TRY
AUD,GALA,USDT
AUD,GALA,BUSD
BNB,LRC,BTC
BNB,LRC,ETH
BNB,LRC,BUSD
BNB,LRC,USDT
BNB,LRC,TRY
ETH,ONE,BTC
ETH,ONE,USDT
ETH,ONE,BUSD
ETH,ONE,TRY
BTC,ACH,BUSD
BTC,ACH,USDT
BUSD,ACH,USDT
BTC,IMX,BUSD
BTC,IMX,USDT
BUSD,IMX,USDT
BTC,GLMR,BUSD
BTC,GLMR,USDT
BUSD,GLMR,USDT
ETH,JASMY,USDT
ETH,JASMY,BUSD
ETH,JASMY,BTC
ETH,JASMY,TRY
ETH,JASMY,EUR
ETH,OOKI,BUSD
ETH,OOKI,USDT
ETH,ROSE,BTC
ETH,ROSE,BUSD
ETH,ROSE,USDT
ETH,ROSE,TRY
BUSD,UMA,USDT
BUSD,UMA,TRY
ETH,UNI,BTC
ETH,UNI,BUSD
ETH,UNI,USDT
ETH,UNI,EUR
ETH,XTZ,BTC
ETH,XTZ,USDT
ETH,XTZ,BUSD
ETH,XTZ,TRY
BTC,LOKA,BUSD
BTC,LOKA,USDT
BNB,LOKA,BTC
BNB,LOKA,BUSD
BNB,LOKA,USDT
BUSD,LOKA,USDT
ETH,CRV,BTC
ETH,CRV,BUSD
ETH,CRV,USDT
BNB,HIGH,BTC
BNB,HIGH,BUSD
BNB,HIGH,USDT
BTC,API3,BUSD
BTC,API3,USDT
BTC,API3,TRY
BUSD,API3,USDT
BUSD,API3,TRY
USDT,API3,TRY
USDT,BTTC,TRY
BTC,ACA,BUSD
BTC,ACA,USDT
BUSD,ACA,USDT
BTC,XNO,BUSD
BTC,XNO,USDT
ETH,XNO,BTC
ETH,XNO,BUSD
ETH,XNO,USDT
BUSD,XNO,USDT
ETH,KAVA,BTC
ETH,KAVA,USDT
ETH,KAVA,BUSD
BNB,MC,BTC
BNB,MC,BUSD
BNB,MC,USDT
BTC,WOO,BUSD
BTC,WOO,USDT
BNB,WOO,BTC
BNB,WOO,BUSD
BNB,WOO,USDT
BUSD,WOO,USDT
ETH,CELR,BTC
ETH,CELR,USDT
ETH,CELR,BUSD
BNB,PEOPLE,BTC
BNB,PEOPLE,BUSD
BNB,PEOPLE,USDT
BNB,PEOPLE,ETH
BUSD,TFUEL,USDT
BNB,IDEX,BTC
BNB,IDEX,BUSD
BNB,IDEX,USDT
EUR,ALPINE,USDT
EUR,ALPINE,BUSD
USDT,ALPINE,TRY
BTC,ALPINE,EUR
BTC,ALPINE,TRY
BTC,ALPINE,USDT
BTC,ALPINE,BUSD
BUSD,T,USDT
ETH,BETA,BTC
ETH,BETA,BUSD
ETH,BETA,USDT
BUSD,ASTR,USDT
BNB,GLMR,BTC
BNB,GLMR,BUSD
BNB,GLMR,USDT
USDT,NBT,BIDR
BTC,GMT,BUSD
BTC,GMT,USDT
BTC,GMT,BRL
BTC,GMT,EUR
BTC,GMT,GBP
BTC,GMT,TRY
BTC,GMT,AUD
BNB,GMT,BTC
BNB,GMT,BUSD
BNB,GMT,USDT
BNB,GMT,BRL
BNB,GMT,ETH
BNB,GMT,EUR
BNB,GMT,GBP
BNB,GMT,TRY
BNB,GMT,AUD
BUSD,GMT,USDT
BUSD,GMT,BRL
BUSD,GMT,TRY
USDT,GMT,BRL
USDT,GMT,TRY
EUR,ATOM,USDT
EUR,ATOM,BUSD
EUR,GALA,USDT
EUR,GALA,BUSD
BTC,KDA,BUSD
BTC,KDA,USDT
BUSD,KDA,USDT
USDT,APE,TRY
USDT,APE,BRL
BUSD,APE,USDT
BUSD,APE,TRY
BUSD,APE,BRL
BTC,APE,USDT
BTC,APE,BUSD
BTC,APE,EUR
BTC,APE,GBP
BTC,APE,TRY
BTC,APE,AUD
BTC,APE,BRL
BUSD,ALPINE,TRY
BUSD,ALPINE,USDT
EUR,NEAR,BUSD
EUR,NEAR,USDT
EUR,WAVES,USDT
EUR,WAVES,BUSD
EUR,APE,USDT
EUR,APE,BUSD
GBP,APE,USDT
GBP,APE,BUSD
USDT,BSW,TRY
BUSD,BSW,USDT
BUSD,BSW,TRY
BNB,BSW,USDT
BNB,BSW,BUSD
BNB,BSW,ETH
BNB,BSW,TRY
BNB,APE,USDT
BNB,APE,BUSD
BNB,APE,BTC
BNB,APE,EUR
BNB,APE,GBP
BNB,APE,TRY
BNB,APE,AUD
BNB,APE,ETH
BNB,APE,BRL
ETH,GMT,BTC
ETH,GMT,BUSD
ETH,GMT,USDT
ETH,GMT,BRL
ETH,GMT,EUR
ETH,GMT,GBP
ETH,GMT,TRY
ETH,GMT,AUD
BUSD,SANTOS,USDT
BUSD,SANTOS,BRL
BUSD,SANTOS,TRY
AUD,APE,USDT
AUD,APE,BUSD
EUR,GMT,BUSD
EUR,GMT,USDT
BNB,IMX,BTC
BNB,IMX,BUSD
BNB,IMX,USDT
ETH,RUNE,BTC
ETH,RUNE,BUSD
ETH,RUNE,USDT
ETH,RUNE,GBP
ETH,RUNE,EUR
ETH,RUNE,TRY
GBP,AVAX,BUSD
GBP,AVAX,USDT
BTC,MULTI,BUSD
BTC,MULTI,USDT
BUSD,MULTI,USDT
ETH,APE,USDT
ETH,APE,BUSD
ETH,APE,BTC
ETH,APE,EUR
ETH,APE,GBP
ETH,APE,TRY
ETH,APE,AUD
ETH,APE,BRL
ETH,BSW,USDT
ETH,BSW,BUSD
ETH,BSW,TRY
EUR,FTM,USDT
EUR,FTM,BUSD
GBP,GMT,BUSD
GBP,GMT,USDT
BTC,ASTR,BUSD
BTC,ASTR,USDT
ETH,ASTR,BUSD
ETH,ASTR,USDT
ETH,ASTR,BTC
BNB,FUN,ETH
BNB,FUN,USDT
BUSD,PORTO,USDT
BUSD,PORTO,TRY
BUSD,BTTC,USDT
BUSD,BTTC,TRY
AUD,GMT,BUSD
AUD,GMT,USDT
BUSD,MBL,USDT
BUSD,MOB,USDT
BTC,MOB,USDT
BTC,MOB,BUSD
BUSD,NEXO,USDT
BTC,NEXO,USDT
BTC,NEXO,BUSD
BNB,REI,USDT
BNB,REI,BUSD
USDT,GAL,TRY
USDT,GAL,BRL
BUSD,GAL,USDT
BUSD,GAL,TRY
BUSD,GAL,BRL
BNB,GAL,USDT
BNB,GAL,BUSD
BNB,GAL,BTC
BNB,GAL,EUR
BNB,GAL,TRY
BNB,GAL,ETH
BNB,GAL,BRL
BTC,GAL,USDT
BTC,GAL,BUSD
BTC,GAL,EUR
BTC,GAL,TRY
BTC,GAL,BRL
EUR,JASMY,USDT
EUR,JASMY,BUSD
BNB,KNC,BTC
BNB,KNC,ETH
BNB,KNC,BUSD
BNB,KNC,USDT
GBP,SHIB,USDT
GBP,SHIB,BUSD
EUR,GAL,USDT
EUR,GAL,BUSD
BUSD,LDO,USDT
BTC,LDO,BUSD
BTC,LDO,USDT
EUR,DAR,USDT
EUR,DAR,BUSD
ETH,DAR,USDT
ETH,DAR,BUSD
ETH,DAR,BTC
ETH,DAR,TRY
ETH,DAR,EUR
ETH,ALGO,BTC
ETH,ALGO,USDT
ETH,ALGO,BUSD
ETH,ALGO,RUB
ETH,ALGO,TRY
ETH,GAL,USDT
ETH,GAL,BUSD
ETH,GAL,BTC
ETH,GAL,EUR
ETH,GAL,TRY
ETH,GAL,BRL
BUSD,EPX,USDT
BUSD,STEEM,USDT
BUSD,REI,USDT
BUSD,DREP,USDT
BUSD,AKRO,USDT
BUSD,PUNDIX,USDT
BUSD,LUNC,USDT
BTC,OP,BUSD
BTC,OP,USDT
BTC,OP,EUR
BUSD,OP,USDT
BUSD,OG,USDT
BUSD,KEY,USDT
BUSD,ASR,USDT
BUSD,FIRO,USDT
BUSD,NKN,USDT
BNB,OP,BTC
BNB,OP,BUSD
BNB,OP,USDT
BNB,OP,EUR
BNB,OP,ETH
EUR,OP,BUSD
EUR,OP,USDT
ETH,SNX,BTC
ETH,SNX,BUSD
ETH,SNX,USDT
ETH,BEL,BTC
ETH,BEL,BUSD
ETH,BEL,USDT
ETH,BEL,TRY
ETH,LIT,BTC
ETH,LIT,BUSD
ETH,LIT,USDT
BUSD,LEVER,USDT
ETH,BURGER,BUSD
ETH,BURGER,USDT
ETH,PEOPLE,BTC
ETH,PEOPLE,BUSD
ETH,PEOPLE,USDT
ETH,UNFI,BTC
ETH,UNFI,BUSD
ETH,UNFI,USDT
ETH,BOND,BTC
ETH,BOND,BUSD
ETH,BOND,USDT
ETH,OP,BTC
ETH,OP,BUSD
ETH,OP,USDT
ETH,OP,EUR
ETH,WING,BTC
ETH,WING,BUSD
ETH,WING,USDT
ETH,FIL,BTC
ETH,FIL,BUSD
ETH,FIL,USDT
ETH,FIL,TRY
BTC,STG,BUSD
BTC,STG,USDT
BUSD,STG,USDT
BUSD,PHB,USDT
BUSD,NEBL,USDT
BTC,GMX,BUSD
BTC,GMX,USDT
BUSD,GMX,USDT
BTC,POLYX,BUSD
BTC,POLYX,USDT
BUSD,POLYX,USDT
BTC,APT,USDT
BTC,APT,BUSD
BTC,APT,EUR
BTC,APT,TRY
BTC,APT,BRL
USDT,APT,TRY
USDT,APT,BRL
BUSD,APT,USDT
BUSD,APT,TRY
BUSD,APT,BRL
EUR,APT,USDT
EUR,APT,BUSD
BTC,OSMO,USDT
BTC,OSMO,BUSD
BUSD,OSMO,USDT
BTC,HFT,BUSD
BTC,HFT,USDT
BUSD,HFT,USDT
ETH,ARPA,BTC
ETH,ARPA,USDT
ETH,ARPA,TRY
ETH,ARPA,RUB
ETH,ARPA,BUSD
BUSD,VITE,USDT
BTC,HOOK,USDT
BTC,HOOK,BUSD
BUSD,HOOK,USDT
BNB,HOOK,BTC
BNB,HOOK,USDT
BNB,HOOK,BUSD
BTC,MAGIC,BUSD
BTC,MAGIC,USDT
BUSD,MAGIC,USDT
